step,reward/mean,reward/pairwise/mean,reward/combined_mean,reward/std,reward/min,reward/max,train/loss,train/loss_listwise,train/loss_pairwise,train/loss_pairwise_weighted,reward/pairwise_weighted
1,0.701965,0.657233,1.030582,0.155965,0.129436,0.98843,-0.0162,-0.006287,-0.019732,-0.009866,0.3286165
2,0.691539,0.691503,1.03729,0.167979,0.091217,0.991514,-0.0508,-0.043144,-0.015377,-0.007689,0.3457515
3,0.696217,0.688307,1.04037,0.163408,0.133735,0.994311,-0.023,-0.008005,-0.030075,-0.015037,0.3441535
4,0.638331,0.633486,0.955074,0.165421,0.101993,0.995627,-0.0517,-0.03705,-0.029335,-0.014668,0.316743
5,0.698259,0.652629,1.024574,0.175017,0.066664,0.998514,-0.1176,-0.102086,-0.031001,-0.015501,0.3263145
6,0.702846,0.682718,1.044205,0.167729,0.129742,0.994892,-0.14,-0.108185,-0.063578,-0.031789,0.341359
7,0.731149,0.727389,1.094843,0.157582,0.134089,0.996312,-0.0618,-0.051914,-0.019675,-0.009838,0.3636945
8,0.756606,0.724211,1.118711,0.14902,0.176027,0.999469,-0.063,-0.04111,-0.043722,-0.021861,0.3621055
9,0.62733,0.659955,0.957307,0.190996,0.080427,0.990678,-0.0693,-0.055083,-0.028426,-0.014213,0.3299775
10,0.649648,0.690204,0.99475,0.17616,0.086254,0.991235,-0.0746,-0.059404,-0.030379,-0.015189,0.345102
11,0.682914,0.702212,1.03402,0.178903,0.087188,0.992507,-0.1171,-0.093335,-0.047556,-0.023778,0.351106
12,0.730439,0.717522,1.0892,0.162999,0.1594,0.996262,-0.0473,-0.032892,-0.028862,-0.014431,0.358761
13,0.728182,0.743385,1.099875,0.155103,0.148567,0.997984,-0.0554,-0.035745,-0.039269,-0.019634,0.3716925
14,0.785617,0.761753,1.166494,0.152089,0.174499,0.997498,-0.0125,0.002626,-0.030179,-0.015089,0.3808765
15,0.682486,0.728453,1.046712,0.170586,0.10221,0.993478,-0.1121,-0.100095,-0.023938,-0.011969,0.3642265
16,0.761146,0.745606,1.133948,0.154766,0.189336,1,-0.0835,-0.061479,-0.044082,-0.022041,0.372803
17,0.744109,0.772003,1.130111,0.159299,0.18586,0.997588,-0.0943,-0.072509,-0.043534,-0.021767,0.3860015
18,0.683969,0.743213,1.055576,0.175303,0.108477,0.988098,-0.0907,-0.090191,-0.000974,-0.000487,0.3716065
19,0.757255,0.766644,1.140578,0.15384,0.164905,0.997498,-0.054,-0.032684,-0.042593,-0.021297,0.383322
20,0.69052,0.782694,1.081867,0.168839,0.135555,0.993176,-0.0107,0.001634,-0.024724,-0.012362,0.391347
21,0.730585,0.752046,1.106607,0.151673,0.187486,0.993663,-0.0579,-0.048583,-0.01865,-0.009325,0.376023
22,0.761467,0.809251,1.166093,0.152525,0.198028,0.994973,-0.0662,-0.064952,-0.002591,-0.001296,0.4046255
23,0.759938,0.809488,1.164682,0.155104,0.205842,0.993656,-0.0178,-0.000515,-0.034614,-0.017307,0.404744
24,0.750339,0.807439,1.154059,0.151953,0.206852,0.998543,-0.0361,-0.021754,-0.028599,-0.014299,0.4037195
25,0.730768,0.799352,1.130444,0.155746,0.170176,0.99264,-0.0733,-0.061245,-0.024159,-0.012079,0.399676
26,0.739457,0.80316,1.141037,0.14513,0.208328,0.999073,-0.0693,-0.063979,-0.010684,-0.005342,0.40158
27,0.779731,0.832642,1.196052,0.144156,0.242587,0.999073,-0.0439,-0.03599,-0.015759,-0.007879,0.416321
28,0.779063,0.824598,1.191362,0.147247,0.244271,0.999469,-0.0098,0.007475,-0.034649,-0.017325,0.412299
29,0.711053,0.794111,1.108109,0.170092,0.166386,0.989357,-0.0857,-0.070176,-0.031143,-0.015572,0.3970555
30,0.758033,0.813032,1.164549,0.137037,0.251456,0.997498,-0.0402,-0.019638,-0.041145,-0.020573,0.406516
31,0.740313,0.811755,1.146191,0.155393,0.200054,0.992299,-0.0083,-2.9e-05,-0.016573,-0.008286,0.4058775
32,0.707854,0.787601,1.101654,0.172359,0.124619,0.991278,0.0016,0.010404,-0.017554,-0.008777,0.3938005
33,0.801194,0.84944,1.225914,0.139934,0.312437,0.997394,-0.0754,-0.060057,-0.030738,-0.015369,0.42472
34,0.750853,0.799584,1.150645,0.15899,0.219219,0.993746,-0.0829,-0.075206,-0.015349,-0.007674,0.399792
35,0.778107,0.833769,1.194992,0.146559,0.25672,0.994612,-0.0233,-0.014891,-0.016729,-0.008364,0.4168845
36,0.767313,0.825741,1.180184,0.151417,0.222892,0.996967,-0.0195,-0.008433,-0.022189,-0.011095,0.4128705
37,0.759986,0.79956,1.159767,0.150076,0.205501,0.995253,-0.0519,-0.046203,-0.011465,-0.005733,0.39978
38,0.751191,0.817082,1.159732,0.152627,0.212189,0.997254,-0.0485,-0.037698,-0.021645,-0.010823,0.408541
39,0.787189,0.815754,1.195066,0.126342,0.266897,0.995026,-0.0958,-0.077178,-0.037276,-0.018638,0.407877
40,0.814008,0.84757,1.237793,0.133554,0.293451,1,-0.0353,-0.029142,-0.01239,-0.006195,0.423785
41,0.781061,0.831265,1.196694,0.140826,0.252904,0.996209,-0.0308,-0.024809,-0.01196,-0.00598,0.4156325
42,0.729837,0.786883,1.123279,0.151251,0.174562,0.989165,-0.0342,-0.017747,-0.032953,-0.016477,0.3934415
43,0.781566,0.804,1.183566,0.136833,0.238357,0.995232,-0.087,-0.076692,-0.020661,-0.010331,0.402
44,0.758324,0.835358,1.176003,0.152616,0.200307,0.993581,-0.1224,-0.100547,-0.043696,-0.021848,0.417679
45,0.789545,0.820168,1.199629,0.132391,0.193669,1,-0.1012,-0.089278,-0.023831,-0.011915,0.410084
46,0.783544,0.848277,1.207683,0.135206,0.209601,0.999073,-0.1112,-0.093192,-0.035918,-0.017959,0.4241385
47,0.737218,0.803217,1.138826,0.149385,0.162898,0.991338,0.0088,0.012455,-0.007374,-0.003687,0.4016085
48,0.814591,0.826706,1.227944,0.121273,0.304739,0.998234,-0.0497,-0.032158,-0.03512,-0.01756,0.413353
49,0.794629,0.822235,1.205746,0.123403,0.26773,0.999469,-0.1104,-0.093271,-0.034309,-0.017154,0.4111175
50,0.772386,0.826279,1.185525,0.148915,0.193771,0.993177,-0.08,-0.068566,-0.02277,-0.011385,0.4131395
51,0.800489,0.818271,1.209625,0.122204,0.253927,0.999073,-0.103,-0.089378,-0.02715,-0.013575,0.4091355
52,0.796855,0.850058,1.221884,0.150684,0.230213,1,-0.0375,-0.020613,-0.03383,-0.016915,0.425029
53,0.814847,0.850848,1.24027,0.125301,0.306187,1,-0.0476,-0.039306,-0.016542,-0.008271,0.425424
54,0.779623,0.836719,1.197983,0.125663,0.249443,1,-0.0396,-0.032772,-0.013633,-0.006817,0.4183595
55,0.783385,0.835302,1.201036,0.12736,0.307752,0.997394,-0.0734,-0.06476,-0.017327,-0.008664,0.417651
56,0.797933,0.851982,1.223924,0.135194,0.27753,0.998315,-0.0932,-0.074143,-0.03806,-0.01903,0.425991
57,0.790793,0.838005,1.209795,0.135689,0.254215,0.997028,-0.0517,-0.045983,-0.011493,-0.005746,0.4190025
58,0.777597,0.832393,1.193793,0.133587,0.238375,1,-0.0594,-0.044382,-0.030007,-0.015004,0.4161965
59,0.786507,0.846989,1.210002,0.136735,0.214755,0.997394,-0.0995,-0.080748,-0.037599,-0.0188,0.4234945
60,0.780537,0.844732,1.202903,0.146395,0.217615,0.998315,-0.0371,-0.023746,-0.026608,-0.013304,0.422366
61,0.814996,0.836945,1.233468,0.121533,0.358642,1,-0.0028,0.009962,-0.025597,-0.012798,0.4184725
62,0.757118,0.814186,1.164211,0.135389,0.217512,0.994112,-0.1209,-0.110664,-0.020393,-0.010196,0.407093
63,0.796112,0.845135,1.21868,0.135105,0.275118,0.998764,-0.0725,-0.071429,-0.002058,-0.001029,0.4225675
64,0.794468,0.869994,1.229465,0.132532,0.288589,0.99765,-0.0909,-0.076573,-0.028607,-0.014303,0.434997
65,0.808076,0.853266,1.234709,0.126196,0.294496,1,-0.0641,-0.049955,-0.02832,-0.01416,0.426633
66,0.791465,0.858842,1.220886,0.134462,0.238666,1,-0.0651,-0.0515,-0.027265,-0.013633,0.429421
67,0.787275,0.852558,1.213555,0.123551,0.257189,0.993972,-0.0503,-0.036714,-0.027196,-0.013598,0.426279
68,0.78186,0.837522,1.200621,0.139503,0.238424,0.998315,-0.1197,-0.105083,-0.029243,-0.014622,0.418761
69,0.772772,0.82648,1.186012,0.146862,0.239124,0.995407,-0.0161,-0.01252,-0.00716,-0.00358,0.41324
70,0.786072,0.861242,1.216692,0.138904,0.248642,0.997498,-0.0217,-0.008623,-0.026225,-0.013112,0.430621
71,0.812471,0.868344,1.246643,0.131959,0.274293,0.999469,-0.029,-0.016695,-0.024545,-0.012273,0.434172
72,0.807613,0.855884,1.235555,0.138973,0.294514,1,-0.0618,-0.051099,-0.021452,-0.010726,0.427942
73,0.818748,0.845881,1.241688,0.137743,0.285758,0.998514,-0.0344,-0.0281,-0.012611,-0.006305,0.4229405
74,0.806322,0.853107,1.232876,0.127299,0.304915,0.999469,-0.0338,-0.019603,-0.028316,-0.014158,0.4265535
75,0.76974,0.853212,1.196345,0.147379,0.220977,0.990278,-0.0238,-0.014593,-0.018455,-0.009228,0.426606
76,0.801238,0.871959,1.237218,0.138466,0.290697,0.999469,-0.0313,-0.024214,-0.014115,-0.007057,0.4359795
77,0.809007,0.858769,1.238392,0.145843,0.253428,1,-0.0469,-0.029124,-0.03563,-0.017815,0.4293845
78,0.841038,0.85918,1.270628,0.117389,0.349051,1,-0.0463,-0.029047,-0.034414,-0.017207,0.42959
79,0.785944,0.859736,1.215812,0.135479,0.223616,0.993818,-0.0754,-0.065171,-0.02052,-0.01026,0.429868
80,0.802506,0.859688,1.23235,0.128819,0.277019,0.997756,-0.0255,-0.016381,-0.018207,-0.009104,0.429844
81,0.812078,0.845333,1.234745,0.121298,0.261604,1,-0.0059,0.003851,-0.019563,-0.009781,0.4226665
82,0.830894,0.864308,1.263048,0.13431,0.325847,0.999469,-0.0293,-0.018611,-0.021331,-0.010665,0.432154
83,0.815481,0.851287,1.241125,0.123813,0.298545,0.994996,-0.04,-0.023173,-0.033685,-0.016842,0.4256435
84,0.81959,0.875689,1.257434,0.115403,0.313453,0.999469,-0.0401,-0.027774,-0.024601,-0.0123,0.4378445
85,0.813296,0.872267,1.249429,0.131085,0.281604,0.998711,-0.0379,-0.020298,-0.03521,-0.017605,0.4361335
86,0.828089,0.873393,1.264785,0.123771,0.302252,1,0.0054,0.015946,-0.021173,-0.010587,0.4366965
87,0.759865,0.844727,1.182229,0.135686,0.212997,0.998939,-0.1206,-0.10657,-0.028006,-0.014003,0.4223635
88,0.807533,0.861382,1.238224,0.134593,0.302879,0.999469,-0.0145,-0.008944,-0.011088,-0.005544,0.430691
89,0.827822,0.837634,1.246639,0.132258,0.326798,1,-0.046,-0.029517,-0.032937,-0.016468,0.418817
90,0.804967,0.843908,1.226921,0.123473,0.259792,0.994996,-0.0359,-0.023314,-0.025206,-0.012603,0.421954
91,0.818026,0.868211,1.252131,0.132767,0.32061,1,-0.0395,-0.026464,-0.026165,-0.013083,0.4341055
92,0.815853,0.868309,1.250008,0.125412,0.300748,0.998711,-0.0215,-0.006112,-0.030776,-0.015388,0.4341545
93,0.803353,0.850242,1.228474,0.13004,0.297217,0.997498,-0.053,-0.034171,-0.037701,-0.01885,0.425121
94,0.819633,0.872775,1.25602,0.116522,0.360944,0.996967,-0.0735,-0.058778,-0.029529,-0.014765,0.4363875
95,0.818969,0.874368,1.256153,0.128032,0.336471,0.999469,-0.0251,-0.012777,-0.024614,-0.012307,0.437184
96,0.788352,0.876352,1.226527,0.125296,0.29941,0.996343,-0.0352,-0.02316,-0.024105,-0.012052,0.438176
97,0.826475,0.887856,1.270403,0.111562,0.267602,0.999469,-0.0053,0.009117,-0.028781,-0.014391,0.443928
98,0.814187,0.86071,1.244542,0.1203,0.253949,0.99361,-0.0408,-0.022174,-0.037225,-0.018612,0.430355
99,0.822694,0.867559,1.256474,0.125847,0.298057,1,-0.0595,-0.050849,-0.017335,-0.008668,0.4337795
100,0.827826,0.872692,1.264172,0.126198,0.291545,0.996012,-0.0589,-0.041901,-0.034045,-0.017022,0.436346
101,0.806321,0.88661,1.249626,0.132327,0.274621,0.996584,-0.0477,-0.034635,-0.026202,-0.013101,0.443305
102,0.816204,0.849117,1.240762,0.130157,0.257345,1,-0.0223,-0.011402,-0.021826,-0.010913,0.4245585
103,0.807673,0.876715,1.246031,0.118619,0.335015,0.997498,-0.0051,0.006726,-0.023586,-0.011793,0.4383575
104,0.798221,0.871985,1.234214,0.125889,0.273455,0.995541,-0.1019,-0.094485,-0.014831,-0.007415,0.4359925
105,0.82301,0.862446,1.254233,0.116478,0.347136,1,-0.0243,-0.013586,-0.021386,-0.010693,0.431223
106,0.812841,0.858401,1.242042,0.123312,0.335124,0.998764,-0.0705,-0.058143,-0.024795,-0.012397,0.4292005
107,0.801185,0.836713,1.219542,0.125706,0.304361,0.993935,-0.0394,-0.025869,-0.027067,-0.013534,0.4183565
108,0.819403,0.863088,1.250947,0.116875,0.347815,1,-0.0513,-0.038902,-0.024837,-0.012419,0.431544
109,0.800008,0.837202,1.218609,0.129234,0.317867,1,-0.0496,-0.03743,-0.024268,-0.012134,0.418601
110,0.844027,0.874027,1.28104,0.106803,0.315567,0.999469,0.0012,0.010076,-0.017776,-0.008888,0.4370135
111,0.800222,0.88035,1.240397,0.128757,0.261016,0.997838,-0.0737,-0.051909,-0.043532,-0.021766,0.440175
112,0.825125,0.868141,1.259195,0.109574,0.340338,0.998307,0.0056,0.008546,-0.005927,-0.002964,0.4340705
113,0.829546,0.856013,1.257552,0.132703,0.282746,1,-0.0429,-0.026022,-0.033676,-0.016838,0.4280065
