state,microbatch,sources,draws,variance_ratio,variance_time_ratio,noise_variance_cp,noise_variance_rloo,noise_rms_cp,noise_rms_rloo,mean_gradient_norm_cp,mean_gradient_norm_rloo,signal_squared_cp,signal_squared_rloo,forward_backward_seconds_cp,forward_backward_seconds_rloo,paired_mean_difference_squared_unbiased,mean_difference_resolved,bias_fraction_of_signal,sample_mean_cosine,snr_cp,snr_rloo,pairwise_reward_agreement_gap,git_commit,diagnostic_sha256,cp_graded_norm_mean,cp_pairwise_norm_mean,cp_component_cosine_mean,cp_residual_relative_max,rloo_graded_norm_mean,rloo_pairwise_norm_mean,rloo_component_cosine_mean,rloo_residual_relative_max
e0,0,stackoverflow,64,0.00225774,0.00257906,1.65189,731.659,1.28526,27.0492,6.87428,7.53583,47.2299,45.3566,4.42941,3.87756,-0.635544,False,0,0.900936,5.34709,0.248981,0,0277756995779328d2473f8f5c996a1ba954b96b,3fb3c92fdceb9b0a50bda6b584b1eafc211fee754d5c990094ca70bb87afd059,3.73325,3.94489,0.656907,0.00964648,23.7803,9.62839,0.257548,0.00850897
e0,100,math-theorem,64,0.00182023,0.00202768,5.57994,3065.52,2.36219,55.3671,14.1666,16.559,200.604,226.3,6.05974,5.43976,5.61936,True,0.0280122,0.899077,5.99591,0.2717,0,0277756995779328d2473f8f5c996a1ba954b96b,3fb3c92fdceb9b0a50bda6b584b1eafc211fee754d5c990094ca70bb87afd059,9.72399,5.38216,0.787763,0.00818612,52.8482,11.6667,0.288919,0.00910227
e0,200,biology,64,0.00169483,0.00190904,1.3994,825.689,1.18296,28.7348,5.74393,6.89241,32.9708,34.6039,5.06426,4.49599,0.136899,True,0.00415214,0.852939,4.85393,0.204717,0,0277756995779328d2473f8f5c996a1ba954b96b,3fb3c92fdceb9b0a50bda6b584b1eafc211fee754d5c990094ca70bb87afd059,3.73282,2.77894,0.611291,0.0092684,26.7024,7.53444,0.22171,0.00854521
step50,0,stackoverflow,64,0.00322279,0.00366989,1.46104,453.346,1.20873,21.2919,4.91929,5.61865,24.1766,24.4856,4.41312,3.87548,-0.490617,False,0,0.890687,4.06786,0.232402,0,0277756995779328d2473f8f5c996a1ba954b96b,3fb3c92fdceb9b0a50bda6b584b1eafc211fee754d5c990094ca70bb87afd059,3.59386,2.60264,0.314287,0.0110531,19.6272,6.07431,0.227624,0.00832686
step50,100,math-theorem,64,0.00321275,0.00357704,4.10796,1278.64,2.02681,35.7581,7.71949,8.91968,59.5263,59.5819,6.03011,5.41599,-1.0213,False,0,0.874518,3.80663,0.215865,0,0277756995779328d2473f8f5c996a1ba954b96b,3fb3c92fdceb9b0a50bda6b584b1eafc211fee754d5c990094ca70bb87afd059,6.20428,3.0068,0.428443,0.0117118,35.234,5.54827,0.162486,0.0101191
step50,200,biology,64,0.00248038,0.0027956,2.75268,1109.78,1.65912,33.3134,7.51254,8.64739,56.3952,57.437,5.04119,4.47276,-0.374658,False,0,0.880628,4.5263,0.227498,0,0277756995779328d2473f8f5c996a1ba954b96b,3fb3c92fdceb9b0a50bda6b584b1eafc211fee754d5c990094ca70bb87afd059,6.84334,3.14806,0.0547372,0.0115364,33.4277,5.58389,0.0444656,0.00820027
step113,0,stackoverflow,64,0.00343424,0.00392032,0.994121,289.473,0.997056,17.0139,3.93565,4.48329,15.4738,15.5769,4.42153,3.8733,0.220469,True,0.0142478,0.875331,3.94529,0.231972,0,0277756995779328d2473f8f5c996a1ba954b96b,3fb3c92fdceb9b0a50bda6b584b1eafc211fee754d5c990094ca70bb87afd059,3.5444,1.87035,0.026246,0.0114813,16.6696,3.93933,0.0844329,0.00822856
step113,100,math-theorem,64,0.00305155,0.00341134,2.95733,969.125,1.71969,31.1308,5.67123,6.96108,32.1166,33.314,6.04944,5.41141,-1.20363,False,0,0.84652,3.29545,0.185406,0,0277756995779328d2473f8f5c996a1ba954b96b,3fb3c92fdceb9b0a50bda6b584b1eafc211fee754d5c990094ca70bb87afd059,4.77012,2.60925,0.220124,0.0130683,30.8562,4.88378,0.0764776,0.0106841
step113,200,biology,64,0.00282543,0.00317961,2.60924,923.484,1.61531,30.3889,5.87677,6.95245,34.4956,33.9071,5.02954,4.4693,0.152108,True,0.0044095,0.837465,3.63601,0.191615,0,0277756995779328d2473f8f5c996a1ba954b96b,3fb3c92fdceb9b0a50bda6b584b1eafc211fee754d5c990094ca70bb87afd059,5.86828,2.9863,-0.179496,0.0138114,30.4284,5.26583,0.00730573,0.00882349
