subset,model,scope,alignment,queries,eligible_flip_queries,ndcg,mrr,hit,ndcg_drop,correct_pair_flip_rate
biology,E0,candidates,1.0,103,13,0.13322143716600252,0.19501078748651565,0.34951456310679613,0.0,0.0
biology,E0,candidates,0.99,103,13,0.13322830833784366,0.19307313337956541,0.34890776699029125,-6.87117184116049e-06,0.06610576923076923
biology,E0,candidates,0.95,103,13,0.13298617440710936,0.19024900312066578,0.35012135922330095,0.00023526275889314665,0.14903846153846154
biology,E0,candidates,0.9,103,13,0.13332677480617453,0.19072950377562028,0.3549757281553398,-0.00010533764017200116,0.14783653846153846
biology,E0,candidates,0.8,103,13,0.13041909276578106,0.18569279501849284,0.35664441747572817,0.002802344400221451,0.20673076923076922
biology,E0,candidates,0.7,103,13,0.12811469110557722,0.18294619981892438,0.35194174757281554,0.00510674606042527,0.21514423076923078
biology,InfoNCE,candidates,1.0,103,31,0.33439490201639566,0.431333795654184,0.6796116504854369,0.0,0.0
biology,InfoNCE,candidates,0.99,103,31,0.3346043573070598,0.4314100665549392,0.6759708737864077,-0.0002094552906640443,0.025705645161290324
biology,InfoNCE,candidates,0.95,103,31,0.3363035928500091,0.43215778625366,0.6809769417475728,-0.0019086908336133092,0.04233870967741935
biology,InfoNCE,candidates,0.9,103,31,0.33278750290892173,0.42815503881568806,0.6767293689320388,0.0016073991074740794,0.05241935483870968
biology,InfoNCE,candidates,0.8,103,31,0.3253136376004347,0.41767630798274,0.6645934466019418,0.00908126441596096,0.09173387096774194
biology,InfoNCE,candidates,0.7,103,31,0.3112042709125945,0.3998004435390661,0.6421419902912622,0.02319063110380128,0.13860887096774194
biology,LambdaLoss,candidates,1.0,103,19,0.24005344290845274,0.2983587609801202,0.5436893203883495,0.0,0.0
biology,LambdaLoss,candidates,0.99,103,19,0.2434479227191844,0.30286301818462014,0.5535497572815534,-0.003394479810731648,0.014802631578947368
biology,LambdaLoss,candidates,0.95,103,19,0.24238241472735805,0.302799449067653,0.5496055825242718,-0.0023289718189053194,0.038651315789473686
biology,LambdaLoss,candidates,0.9,103,19,0.23905810114040438,0.3015067566265988,0.5480885922330098,0.0009953417680483023,0.0625
biology,LambdaLoss,candidates,0.8,103,19,0.22984247685906053,0.29212772335876097,0.5339805825242718,0.010210966049392207,0.12088815789473684
biology,LambdaLoss,candidates,0.7,103,19,0.2192958332569415,0.28084408470103245,0.5068264563106796,0.02075760965151126,0.13486842105263158
biology,RELER,candidates,1.0,103,46,0.4658734236205748,0.5808907381722916,0.8058252427184466,0.0,0.0
biology,RELER,candidates,0.99,103,46,0.46586857278447324,0.5805223262444137,0.8073422330097088,4.850836101633599e-06,0.021399456521739132
biology,RELER,candidates,0.95,103,46,0.4656010308668676,0.580603232393281,0.8090109223300971,0.0002723927537072545,0.049932065217391304
biology,RELER,candidates,0.9,103,46,0.46162895623807887,0.5762598845161042,0.8059769417475728,0.004244467382495968,0.08118206521739131
biology,RELER,candidates,0.8,103,46,0.454730989338978,0.5714698070773617,0.7983919902912622,0.01114243428159688,0.09341032608695653
biology,RELER,candidates,0.7,103,46,0.4448472702172021,0.559296381376175,0.7888349514563107,0.02102615340337273,0.12839673913043478
biology,Listwise,candidates,1.0,103,39,0.39810841338381464,0.5086107258437356,0.7766990291262136,0.0,0.0
biology,Listwise,candidates,0.99,103,39,0.39983153420845324,0.5167121161773771,0.7753337378640777,-0.0017231208246386678,0.005608974358974359
biology,Listwise,candidates,0.95,103,39,0.40008540764567024,0.5191737339150869,0.7695691747572816,-0.0019769942618556705,0.019230769230769232
biology,Listwise,candidates,0.9,103,39,0.4001066871651356,0.5197171415087071,0.7603155339805825,-0.0019982737813209308,0.03565705128205128
biology,Listwise,candidates,0.8,103,39,0.3947382892910101,0.5124324578132223,0.7448422330097088,0.0033701240928044303,0.07051282051282051
biology,Listwise,candidates,0.7,103,39,0.3849945749902174,0.4954387954615503,0.736498786407767,0.01311383839359708,0.10376602564102565
earth_science,E0,candidates,1.0,116,27,0.2781743425823315,0.3394978106185004,0.6120689655172413,0.0,0.0
earth_science,E0,candidates,0.99,116,27,0.27528888303845317,0.33413842279009304,0.6136853448275862,0.0028854595438782605,0.028356481481481483
earth_science,E0,candidates,0.95,116,27,0.27339882598362814,0.33165853131841816,0.61328125,0.004775516598703313,0.05555555555555555
earth_science,E0,candidates,0.9,116,27,0.2708986252230053,0.32770032626915707,0.6066810344827587,0.00727571735932616,0.06886574074074074
earth_science,E0,candidates,0.8,116,27,0.26411029070510095,0.3191050796216475,0.587957974137931,0.014064051877230492,0.09895833333333333
earth_science,E0,candidates,0.7,116,27,0.25788039382773437,0.3131626406848659,0.5732758620689655,0.020293948754597113,0.13541666666666666
earth_science,InfoNCE,candidates,1.0,116,33,0.32889653856718104,0.3978653530377668,0.6724137931034483,0.0,0.0
earth_science,InfoNCE,candidates,0.99,116,33,0.3315688475925067,0.4012670190202518,0.6697198275862069,-0.0026723090253256533,0.008996212121212122
earth_science,InfoNCE,candidates,0.95,116,33,0.3307936920410687,0.3981118722632731,0.6635237068965517,-0.0018971534738876092,0.050662878787878785
earth_science,InfoNCE,candidates,0.9,116,33,0.3284814220875717,0.39511141471674877,0.6570581896551724,0.0004151164796093118,0.07244318181818182
earth_science,InfoNCE,candidates,0.8,116,33,0.3208369701495666,0.3890418141933497,0.64453125,0.008059568417614363,0.11221590909090909
earth_science,InfoNCE,candidates,0.7,116,33,0.3112969168652175,0.37815851421387525,0.6344288793103449,0.017599621701963584,0.15388257575757575
earth_science,LambdaLoss,candidates,1.0,116,26,0.25016089040530076,0.31235974274767375,0.5344827586206896,0.0,0.0
earth_science,LambdaLoss,candidates,0.99,116,26,0.24888326163825655,0.3111678768130815,0.5250538793103449,0.0012776287670442502,0.030048076923076924
earth_science,LambdaLoss,candidates,0.95,116,26,0.2460239916511922,0.3084955592330323,0.5189924568965517,0.004136898754108592,0.06971153846153846
earth_science,LambdaLoss,candidates,0.9,116,26,0.24254898603342834,0.3041300522543788,0.517510775862069,0.007611904371872468,0.10877403846153846
earth_science,LambdaLoss,candidates,0.8,116,26,0.23571678063549345,0.29758916812055286,0.5106411637931034,0.014444109769807348,0.14483173076923078
earth_science,LambdaLoss,candidates,0.7,116,26,0.2307331636243177,0.29311328338806786,0.4994612068965517,0.019427726780983146,0.19230769230769232
earth_science,RELER,candidates,1.0,116,41,0.38139797678064846,0.4878797208538587,0.7327586206896551,0.0,0.0
earth_science,RELER,candidates,0.99,116,41,0.38222418173222217,0.4914830066365627,0.7384159482758621,-0.0008262049515736792,0.009146341463414634
earth_science,RELER,candidates,0.95,116,41,0.3810345592313147,0.4887956691297209,0.7413793103448276,0.00036341754933374656,0.03086890243902439
earth_science,RELER,candidates,0.9,116,41,0.3811912244099658,0.4911199092603996,0.7409752155172413,0.00020675237068268145,0.041158536585365856
earth_science,RELER,candidates,0.8,116,41,0.3778344534575206,0.48728159636699503,0.740167025862069,0.003563523323127854,0.0743140243902439
earth_science,RELER,candidates,0.7,116,41,0.37611094981844356,0.4849760643301861,0.740301724137931,0.00528702696220492,0.10327743902439024
earth_science,Listwise,candidates,1.0,116,42,0.3795023491857312,0.4804084564860427,0.75,0.0,0.0
earth_science,Listwise,candidates,0.99,116,42,0.37961489180335584,0.47699700884304874,0.7540409482758621,-0.00011254261762458027,0.026041666666666668
earth_science,Listwise,candidates,0.95,116,42,0.37779071699121625,0.4751905018472906,0.7475754310344828,0.0017116321945150218,0.041294642857142856
earth_science,Listwise,candidates,0.9,116,42,0.3746481469890624,0.47156391112479473,0.7407058189655172,0.004854202196668797,0.05952380952380952
earth_science,Listwise,candidates,0.8,116,42,0.37024206755544015,0.464840489446497,0.7310075431034483,0.00926028163029115,0.08296130952380952
earth_science,Listwise,candidates,0.7,116,42,0.36495521841525347,0.46018019636015334,0.7237338362068966,0.014547130770477734,0.11495535714285714
robotics,E0,candidates,1.0,101,11,0.11972602573835207,0.15430221593587928,0.24752475247524752,0.0,0.0
robotics,E0,candidates,0.99,101,11,0.11980074028627005,0.15588319434622033,0.24876237623762376,-7.471454791800181e-05,0.005681818181818182
robotics,E0,candidates,0.95,101,11,0.11958479401803898,0.1550943933679082,0.24969059405940594,0.00014123172031303813,0.045454545454545456
robotics,E0,candidates,0.9,101,11,0.11894275323574477,0.1541685697587616,0.2526299504950495,0.0007832725026072793,0.061079545454545456
robotics,E0,candidates,0.8,101,11,0.11729641786145226,0.15265702351485147,0.25402227722772275,0.0024296078768997905,0.11931818181818182
robotics,E0,candidates,0.7,101,11,0.11703985011772303,0.151750537776992,0.2555693069306931,0.0026861756206290315,0.13920454545454544
robotics,InfoNCE,candidates,1.0,101,19,0.20774769570176504,0.25793257897218297,0.45544554455445546,0.0,0.0
robotics,InfoNCE,candidates,0.99,101,19,0.21046671551635046,0.25798561999057046,0.46426361386138615,-0.002719019814585426,0.047697368421052634
robotics,InfoNCE,candidates,0.95,101,19,0.20899679259226403,0.25652680781471005,0.45498143564356436,-0.0012490968904989525,0.09375
robotics,InfoNCE,candidates,0.9,101,19,0.20757972567198482,0.25708674662109066,0.4560643564356436,0.0001679700297802273,0.11430921052631579
robotics,InfoNCE,candidates,0.8,101,19,0.20172543871224027,0.2505676125648279,0.4432240099009901,0.006022256989524767,0.13733552631578946
robotics,InfoNCE,candidates,0.7,101,19,0.1926204540308129,0.23821249312431245,0.432240099009901,0.015127241670952148,0.19078947368421054
robotics,LambdaLoss,candidates,1.0,101,14,0.1760421507031572,0.21738566713814236,0.42574257425742573,0.0,0.0
robotics,LambdaLoss,candidates,0.99,101,14,0.17553591429384002,0.21999118438629575,0.42651608910891087,0.0005062364093172031,0.049107142857142856
robotics,LambdaLoss,candidates,0.95,101,14,0.17337066619756628,0.21692395243988682,0.4186262376237624,0.002671484505590929,0.15178571428571427
robotics,LambdaLoss,candidates,0.9,101,14,0.16946151776963747,0.21550682411991198,0.40439356435643564,0.0065806329335197445,0.1640625
robotics,LambdaLoss,candidates,0.8,101,14,0.16031474337394655,0.2039479338558856,0.3875309405940594,0.01572740732921064,0.25
robotics,LambdaLoss,candidates,0.7,101,14,0.14968392739657138,0.19371666519330502,0.36277846534653463,0.02635822330658582,0.28236607142857145
robotics,RELER,candidates,1.0,101,15,0.18156019770635168,0.23974933207606475,0.42574257425742573,0.0,0.0
robotics,RELER,candidates,0.99,101,15,0.18081106546763098,0.23935606730315886,0.42419554455445546,0.0007491322387206884,0.0020833333333333333
robotics,RELER,candidates,0.95,101,15,0.18258074413143532,0.24047956692990727,0.4291460396039604,-0.0010205464250836553,0.016666666666666666
robotics,RELER,candidates,0.9,101,15,0.18282885936229645,0.24088228577322016,0.4316212871287129,-0.001268661655944767,0.04583333333333333
robotics,RELER,candidates,0.8,101,15,0.18237255552180973,0.2401322219275499,0.42961014851485146,-0.0008123578154580507,0.06875
robotics,RELER,candidates,0.7,101,15,0.1808870079524853,0.23764199522630836,0.43316831683168316,0.0006731897538663604,0.10729166666666666
robotics,Listwise,candidates,1.0,101,17,0.1798848630745176,0.22605689140342605,0.39603960396039606,0.0,0.0
robotics,Listwise,candidates,0.99,101,17,0.18031708520978873,0.22876093971004244,0.3948019801980198,-0.0004322221352710916,0.02297794117647059
robotics,Listwise,candidates,0.95,101,17,0.18063287523986227,0.23114852221829324,0.38923267326732675,-0.0007480121653446489,0.04871323529411765
robotics,Listwise,candidates,0.9,101,17,0.17965214860979226,0.23002974962674838,0.38985148514851486,0.00023271446472536428,0.07628676470588236
robotics,Listwise,candidates,0.8,101,17,0.17718082412735486,0.22702943285399968,0.3910891089108911,0.0027040389471626987,0.11948529411764706
robotics,Listwise,candidates,0.7,101,17,0.17475952179986,0.22690481101681595,0.39139851485148514,0.005125341274657561,0.1488970588235294
theoremqa_theorems,E0,candidates,1.0,76,14,0.3209488439817034,0.3149801587301587,0.5789473684210527,0.0,0.0
theoremqa_theorems,E0,candidates,0.99,76,14,0.3171525278899621,0.31312526106934,0.5750411184210527,0.0037963160917412774,0.005580357142857143
theoremqa_theorems,E0,candidates,0.95,76,14,0.31075753027638386,0.30948065149853804,0.56640625,0.010191313705319551,0.03794642857142857
theoremqa_theorems,E0,candidates,0.9,76,14,0.30311600852916554,0.3024411614974937,0.5581825657894737,0.017832835452537842,0.06919642857142858
theoremqa_theorems,E0,candidates,0.8,76,14,0.2924430548096694,0.2968311893013784,0.5390625,0.02850578917203399,0.09486607142857142
theoremqa_theorems,E0,candidates,0.7,76,14,0.274507857074002,0.27832333111424395,0.5197368421052632,0.046440986907701494,0.15066964285714285
theoremqa_theorems,InfoNCE,candidates,1.0,76,17,0.32589803591169686,0.3225668337510443,0.5526315789473685,0.0,0.0
theoremqa_theorems,InfoNCE,candidates,0.99,76,17,0.32644904081012194,0.32355000456871347,0.5579769736842105,-0.0005510048984250888,0.06066176470588235
theoremqa_theorems,InfoNCE,candidates,0.95,76,17,0.32445252044349543,0.3222010103383458,0.5550986842105263,0.001445515468201518,0.07996323529411764
theoremqa_theorems,InfoNCE,candidates,0.9,76,17,0.3225811830507913,0.3197201989348371,0.5474917763157895,0.0033168528609055547,0.08915441176470588
theoremqa_theorems,InfoNCE,candidates,0.8,76,17,0.31720935991105736,0.31442098083751047,0.541735197368421,0.008688676000639486,0.11948529411764706
theoremqa_theorems,InfoNCE,candidates,0.7,76,17,0.30933811226410723,0.3049576251827486,0.5347450657894737,0.016559923647589698,0.14338235294117646
theoremqa_theorems,LambdaLoss,candidates,1.0,76,15,0.29249924570361197,0.2932174185463659,0.5263157894736842,0.0,0.0
theoremqa_theorems,LambdaLoss,candidates,0.99,76,15,0.29261472610858125,0.2937894051535088,0.5172697368421053,-0.00011548040496930356,0.003125
theoremqa_theorems,LambdaLoss,candidates,0.95,76,15,0.2929783175711323,0.2920734453320802,0.516858552631579,-0.00047907186752030794,0.027083333333333334
theoremqa_theorems,LambdaLoss,candidates,0.9,76,15,0.2901555067156688,0.2871296078738513,0.5152138157894737,0.0023437389879431406,0.08125
theoremqa_theorems,LambdaLoss,candidates,0.8,76,15,0.285652006446639,0.2805399729793233,0.5094572368421053,0.006847239256972976,0.12083333333333333
theoremqa_theorems,LambdaLoss,candidates,0.7,76,15,0.2767390084424518,0.27186757584064325,0.49136513157894735,0.015760237261160142,0.17604166666666668
theoremqa_theorems,RELER,candidates,1.0,76,17,0.29082277553523367,0.2957706766917293,0.5,0.0,0.0
theoremqa_theorems,RELER,candidates,0.99,76,17,0.2884231768271325,0.2923700853696742,0.49712171052631576,0.002399598708101202,0.017463235294117647
theoremqa_theorems,RELER,candidates,0.95,76,17,0.28937728364152254,0.29161176052109444,0.49979440789473684,0.0014454918937111304,0.029411764705882353
theoremqa_theorems,RELER,candidates,0.9,76,17,0.28930156938868956,0.2913580337562657,0.4979440789473684,0.0015212061465441108,0.03768382352941176
theoremqa_theorems,RELER,candidates,0.8,76,17,0.2891458937690005,0.290015403091061,0.5043174342105263,0.0016768817662331306,0.07536764705882353
theoremqa_theorems,RELER,candidates,0.7,76,17,0.2849920793073481,0.28373513536445283,0.5028782894736842,0.005830696227885557,0.09650735294117647
theoremqa_theorems,Listwise,candidates,1.0,76,16,0.2890729813130125,0.29255952380952377,0.4868421052631579,0.0,0.0
theoremqa_theorems,Listwise,candidates,0.99,76,16,0.28910216077704387,0.29004722091687557,0.4928042763157895,-2.9179464031375617e-05,0.021484375
theoremqa_theorems,Listwise,candidates,0.95,76,16,0.2880753192773593,0.2878135279605263,0.4903371710526316,0.0009976620356532031,0.048828125
theoremqa_theorems,Listwise,candidates,0.9,76,16,0.2865976770873767,0.28554328529657474,0.49198190789473684,0.0024753042256357755,0.0712890625
theoremqa_theorems,Listwise,candidates,0.8,76,16,0.2851429359083431,0.2821766329887218,0.49835526315789475,0.003930045404669384,0.09375
theoremqa_theorems,Listwise,candidates,0.7,76,16,0.2799548209984409,0.2765333744517544,0.4942434210526316,0.00911816031457166,0.1162109375
