run,group,dataset,count,answer_recall_at_5,answer_recall_at_10,answer_recall_at_20,answer_mrr_at_10,answer_mrr_at_20,evidence_group_recall_at_5,evidence_group_recall_at_10,evidence_group_recall_at_20,all_evidence_success_at_5,all_evidence_success_at_10,all_evidence_success_at_20,evidence_mapping_success,generator_em,generator_token_f1,source
E0,round1-baseline,nq,3610,0.6992,0.7684,0.8235,0.5632,0.5671,,,,,,,,0.3499,0.4568,/mnt/tidal-alsh-share2/dataset/liuqi18/E2Rank/data/rag/eval/g3_e0/summary.json
E0,round1-baseline,hotpotqa,7405,0.4835,0.545,0.5969,0.3836,0.3872,0.0903,0.1031,0.1127,0.0459,0.0651,0.0791,0.1529,0.3259,0.4267,/mnt/tidal-alsh-share2/dataset/liuqi18/E2Rank/data/rag/eval/g3_e0/summary.json
E0,round1-baseline,popqa,14267,0.7112,0.7674,0.8095,0.6009,0.6039,,,,,,,,0.4222,0.4925,/mnt/tidal-alsh-share2/dataset/liuqi18/E2Rank/data/rag/eval/g3_e0/summary.json
E0,round1-baseline,triviaqa,11313,0.7496,0.7924,0.8252,0.6524,0.6547,,,,,,,,0.61,0.6967,/mnt/tidal-alsh-share2/dataset/liuqi18/E2Rank/data/rag/eval/g3_e0/summary.json
E0,round1-baseline,2wikimultihopqa,12576,0.3946,0.4625,0.5198,0.2953,0.2993,0.2016,0.2239,0.2382,0.052,0.0846,0.1081,0.3746,0.2876,0.3507,/mnt/tidal-alsh-share2/dataset/liuqi18/E2Rank/data/rag/eval/g3_e0/summary.json
E0,round1-baseline,musique,2417,0.2197,0.2789,0.3517,0.1523,0.1575,0.0673,0.074,0.0818,0.0074,0.0116,0.017,0.2052,0.0736,0.1493,/mnt/tidal-alsh-share2/dataset/liuqi18/E2Rank/data/rag/eval/g3_e0/summary.json
E0,round1-baseline,bamboogle,125,0.192,0.296,0.384,0.1356,0.1417,,,,,,,,0.192,0.2807,/mnt/tidal-alsh-share2/dataset/liuqi18/E2Rank/data/rag/eval/g3_e0/summary.json
E0,round1-baseline,training_domain_avg,,0.5913,0.6567,0.7102,0.4734,0.4772,,,,,,,,0.3379,0.4417,/mnt/tidal-alsh-share2/dataset/liuqi18/E2Rank/data/rag/eval/g3_e0/summary.json
E0,round1-baseline,held_out_avg,,0.4534,0.5194,0.578,0.3673,0.3714,,,,,,,,0.3171,0.394,/mnt/tidal-alsh-share2/dataset/liuqi18/E2Rank/data/rag/eval/g3_e0/summary.json
E0,round1-baseline,macro_avg,,0.4928,0.5586,0.6158,0.3976,0.4016,,,,,,,,0.323,0.4076,/mnt/tidal-alsh-share2/dataset/liuqi18/E2Rank/data/rag/eval/g3_e0/summary.json
R1-CL,round1,nq,3610,0.7186,0.7817,0.831,0.5898,0.5933,,,,,,,,0.3562,0.4644,/mnt/tidal-alsh-share2/dataset/liuqi18/E2Rank/data/rag/eval/g3_cl_s42/summary.json
R1-CL,round1,hotpotqa,7405,0.4253,0.4787,0.5329,0.348,0.3518,0.0855,0.0953,0.1052,0.0323,0.0474,0.0636,0.1529,0.3064,0.4043,/mnt/tidal-alsh-share2/dataset/liuqi18/E2Rank/data/rag/eval/g3_cl_s42/summary.json
R1-CL,round1,popqa,14267,0.7095,0.7668,0.8098,0.6026,0.6056,,,,,,,,0.4192,0.4911,/mnt/tidal-alsh-share2/dataset/liuqi18/E2Rank/data/rag/eval/g3_cl_s42/summary.json
R1-CL,round1,triviaqa,11313,0.7238,0.7709,0.809,0.6215,0.6242,,,,,,,,0.6024,0.6866,/mnt/tidal-alsh-share2/dataset/liuqi18/E2Rank/data/rag/eval/g3_cl_s42/summary.json
R1-CL,round1,2wikimultihopqa,12576,0.3205,0.3841,0.4447,0.2436,0.2478,0.1941,0.2086,0.2217,0.0343,0.0562,0.0783,0.3746,0.2568,0.3195,/mnt/tidal-alsh-share2/dataset/liuqi18/E2Rank/data/rag/eval/g3_cl_s42/summary.json
R1-CL,round1,musique,2417,0.1709,0.2176,0.2615,0.1254,0.1285,0.0774,0.0842,0.0908,0.0083,0.0112,0.0145,0.2052,0.0509,0.1174,/mnt/tidal-alsh-share2/dataset/liuqi18/E2Rank/data/rag/eval/g3_cl_s42/summary.json
R1-CL,round1,bamboogle,125,0.168,0.216,0.288,0.0921,0.0971,,,,,,,,0.168,0.2757,/mnt/tidal-alsh-share2/dataset/liuqi18/E2Rank/data/rag/eval/g3_cl_s42/summary.json
R1-CL,round1,training_domain_avg,,0.5719,0.6302,0.682,0.4689,0.4725,,,,,,,,0.3313,0.4343,/mnt/tidal-alsh-share2/dataset/liuqi18/E2Rank/data/rag/eval/g3_cl_s42/summary.json
R1-CL,round1,held_out_avg,,0.4185,0.4711,0.5226,0.337,0.3406,,,,,,,,0.2995,0.378,/mnt/tidal-alsh-share2/dataset/liuqi18/E2Rank/data/rag/eval/g3_cl_s42/summary.json
R1-CL,round1,macro_avg,,0.4624,0.5166,0.5681,0.3747,0.3783,,,,,,,,0.3086,0.3941,/mnt/tidal-alsh-share2/dataset/liuqi18/E2Rank/data/rag/eval/g3_cl_s42/summary.json
R1-RetRL-MRR,round1,nq,3610,0.6978,0.7681,0.8224,0.5652,0.5691,,,,,,,,0.3501,0.4573,/mnt/tidal-alsh-share2/dataset/liuqi18/E2Rank/data/rag/eval/g3_retrl_mrr_s42/summary.json
R1-RetRL-MRR,round1,hotpotqa,7405,0.4675,0.5222,0.5722,0.3751,0.3786,0.0935,0.1042,0.1127,0.0482,0.0647,0.0782,0.1529,0.3222,0.4202,/mnt/tidal-alsh-share2/dataset/liuqi18/E2Rank/data/rag/eval/g3_retrl_mrr_s42/summary.json
R1-RetRL-MRR,round1,popqa,14267,0.7063,0.7612,0.804,0.5982,0.6012,,,,,,,,0.415,0.4867,/mnt/tidal-alsh-share2/dataset/liuqi18/E2Rank/data/rag/eval/g3_retrl_mrr_s42/summary.json
R1-RetRL-MRR,round1,triviaqa,11313,0.7322,0.7803,0.815,0.6326,0.6351,,,,,,,,0.605,0.6902,/mnt/tidal-alsh-share2/dataset/liuqi18/E2Rank/data/rag/eval/g3_retrl_mrr_s42/summary.json
R1-RetRL-MRR,round1,2wikimultihopqa,12576,0.3906,0.4573,0.5165,0.2931,0.2972,0.2082,0.2284,0.2435,0.0592,0.0903,0.1151,0.3746,0.2832,0.3454,/mnt/tidal-alsh-share2/dataset/liuqi18/E2Rank/data/rag/eval/g3_retrl_mrr_s42/summary.json
R1-RetRL-MRR,round1,musique,2417,0.1891,0.2333,0.2983,0.1345,0.139,0.0746,0.0824,0.089,0.0103,0.0124,0.017,0.2052,0.0592,0.1308,/mnt/tidal-alsh-share2/dataset/liuqi18/E2Rank/data/rag/eval/g3_retrl_mrr_s42/summary.json
R1-RetRL-MRR,round1,bamboogle,125,0.192,0.248,0.384,0.1126,0.1218,,,,,,,,0.168,0.2737,/mnt/tidal-alsh-share2/dataset/liuqi18/E2Rank/data/rag/eval/g3_retrl_mrr_s42/summary.json
R1-RetRL-MRR,round1,training_domain_avg,,0.5827,0.6452,0.6973,0.4702,0.4739,,,,,,,,0.3362,0.4387,/mnt/tidal-alsh-share2/dataset/liuqi18/E2Rank/data/rag/eval/g3_retrl_mrr_s42/summary.json
R1-RetRL-MRR,round1,held_out_avg,,0.442,0.496,0.5636,0.3542,0.3589,,,,,,,,0.3061,0.3854,/mnt/tidal-alsh-share2/dataset/liuqi18/E2Rank/data/rag/eval/g3_retrl_mrr_s42/summary.json
R1-RetRL-MRR,round1,macro_avg,,0.4822,0.5386,0.6018,0.3873,0.3917,,,,,,,,0.3147,0.4006,/mnt/tidal-alsh-share2/dataset/liuqi18/E2Rank/data/rag/eval/g3_retrl_mrr_s42/summary.json
R1-RetRL-NDCG,round1,nq,3610,0.7017,0.7712,0.8216,0.5729,0.5765,,,,,,,,0.3607,0.4632,/mnt/tidal-alsh-share2/dataset/liuqi18/E2Rank/data/rag/eval/g3_retrl_ndcg_s42/summary.json
R1-RetRL-NDCG,round1,hotpotqa,7405,0.4891,0.548,0.6045,0.3899,0.3939,0.0975,0.1091,0.1183,0.0567,0.0751,0.089,0.1529,0.3309,0.4337,/mnt/tidal-alsh-share2/dataset/liuqi18/E2Rank/data/rag/eval/g3_retrl_ndcg_s42/summary.json
R1-RetRL-NDCG,round1,popqa,14267,0.6994,0.7569,0.8019,0.5904,0.5936,,,,,,,,0.4134,0.4847,/mnt/tidal-alsh-share2/dataset/liuqi18/E2Rank/data/rag/eval/g3_retrl_ndcg_s42/summary.json
R1-RetRL-NDCG,round1,triviaqa,11313,0.7329,0.7808,0.8166,0.6339,0.6364,,,,,,,,0.6025,0.6875,/mnt/tidal-alsh-share2/dataset/liuqi18/E2Rank/data/rag/eval/g3_retrl_ndcg_s42/summary.json
R1-RetRL-NDCG,round1,2wikimultihopqa,12576,0.3954,0.4621,0.5222,0.2945,0.2987,0.2101,0.2306,0.246,0.0642,0.0946,0.1209,0.3746,0.2884,0.3499,/mnt/tidal-alsh-share2/dataset/liuqi18/E2Rank/data/rag/eval/g3_retrl_ndcg_s42/summary.json
R1-RetRL-NDCG,round1,musique,2417,0.1932,0.2449,0.307,0.1399,0.1442,0.074,0.083,0.0894,0.0091,0.0149,0.0182,0.2052,0.0674,0.1399,/mnt/tidal-alsh-share2/dataset/liuqi18/E2Rank/data/rag/eval/g3_retrl_ndcg_s42/summary.json
R1-RetRL-NDCG,round1,bamboogle,125,0.208,0.264,0.352,0.1208,0.1269,,,,,,,,0.216,0.302,/mnt/tidal-alsh-share2/dataset/liuqi18/E2Rank/data/rag/eval/g3_retrl_ndcg_s42/summary.json
R1-RetRL-NDCG,round1,training_domain_avg,,0.5954,0.6596,0.713,0.4814,0.4852,,,,,,,,0.3458,0.4484,/mnt/tidal-alsh-share2/dataset/liuqi18/E2Rank/data/rag/eval/g3_retrl_ndcg_s42/summary.json
R1-RetRL-NDCG,round1,held_out_avg,,0.4458,0.5017,0.5599,0.3559,0.36,,,,,,,,0.3175,0.3928,/mnt/tidal-alsh-share2/dataset/liuqi18/E2Rank/data/rag/eval/g3_retrl_ndcg_s42/summary.json
R1-RetRL-NDCG,round1,macro_avg,,0.4885,0.5468,0.6037,0.3918,0.3957,,,,,,,,0.3256,0.4087,/mnt/tidal-alsh-share2/dataset/liuqi18/E2Rank/data/rag/eval/g3_retrl_ndcg_s42/summary.json
G3-R2-CL-AnswerMasked-Anchor050,g3-r2,nq,3610,0.7357,0.7986,0.8454,0.6097,0.613,,,,,,,,0.3701,0.4798,/mnt/tidal-alsh-share2/dataset/liuqi18/E2Rank/checkpoints/iclr2027-g3-r2/G3-R2-CL-AnswerMasked-Anchor050-s42/qa_eval/summary.json
G3-R2-CL-AnswerMasked-Anchor050,g3-r2,hotpotqa,7405,0.4174,0.4673,0.5137,0.3448,0.348,0.0828,0.0918,0.0999,0.0259,0.0398,0.0531,0.1529,0.2966,0.3917,/mnt/tidal-alsh-share2/dataset/liuqi18/E2Rank/checkpoints/iclr2027-g3-r2/G3-R2-CL-AnswerMasked-Anchor050-s42/qa_eval/summary.json
G3-R2-CL-AnswerMasked-Anchor050,g3-r2,popqa,14267,0.7194,0.7761,0.8164,0.6145,0.6173,,,,,,,,0.4207,0.492,/mnt/tidal-alsh-share2/dataset/liuqi18/E2Rank/checkpoints/iclr2027-g3-r2/G3-R2-CL-AnswerMasked-Anchor050-s42/qa_eval/summary.json
G3-R2-CL-AnswerMasked-Anchor050,g3-r2,triviaqa,11313,0.7327,0.7808,0.8162,0.6333,0.6358,,,,,,,,0.6016,0.6878,/mnt/tidal-alsh-share2/dataset/liuqi18/E2Rank/checkpoints/iclr2027-g3-r2/G3-R2-CL-AnswerMasked-Anchor050-s42/qa_eval/summary.json
G3-R2-CL-AnswerMasked-Anchor050,g3-r2,2wikimultihopqa,12576,0.2909,0.3418,0.3901,0.2272,0.2306,0.1856,0.196,0.2057,0.0198,0.0348,0.0523,0.3746,0.2381,0.3012,/mnt/tidal-alsh-share2/dataset/liuqi18/E2Rank/checkpoints/iclr2027-g3-r2/G3-R2-CL-AnswerMasked-Anchor050-s42/qa_eval/summary.json
G3-R2-CL-AnswerMasked-Anchor050,g3-r2,musique,2417,0.168,0.2114,0.2623,0.1213,0.1248,0.078,0.0859,0.0914,0.0083,0.0116,0.0153,0.2052,0.0563,0.1243,/mnt/tidal-alsh-share2/dataset/liuqi18/E2Rank/checkpoints/iclr2027-g3-r2/G3-R2-CL-AnswerMasked-Anchor050-s42/qa_eval/summary.json
G3-R2-CL-AnswerMasked-Anchor050,g3-r2,bamboogle,125,0.176,0.216,0.336,0.0981,0.1058,,,,,,,,0.192,0.2797,/mnt/tidal-alsh-share2/dataset/liuqi18/E2Rank/checkpoints/iclr2027-g3-r2/G3-R2-CL-AnswerMasked-Anchor050-s42/qa_eval/summary.json
G3-R2-CL-AnswerMasked-Anchor050,g3-r2,training_domain_avg,,0.5766,0.6329,0.6796,0.4773,0.4805,,,,,,,,0.3333,0.4358,/mnt/tidal-alsh-share2/dataset/liuqi18/E2Rank/checkpoints/iclr2027-g3-r2/G3-R2-CL-AnswerMasked-Anchor050-s42/qa_eval/summary.json
G3-R2-CL-AnswerMasked-Anchor050,g3-r2,held_out_avg,,0.4174,0.4652,0.5242,0.3389,0.3429,,,,,,,,0.3017,0.377,/mnt/tidal-alsh-share2/dataset/liuqi18/E2Rank/checkpoints/iclr2027-g3-r2/G3-R2-CL-AnswerMasked-Anchor050-s42/qa_eval/summary.json
G3-R2-CL-AnswerMasked-Anchor050,g3-r2,macro_avg,,0.4629,0.5131,0.5686,0.3784,0.3822,,,,,,,,0.3108,0.3938,/mnt/tidal-alsh-share2/dataset/liuqi18/E2Rank/checkpoints/iclr2027-g3-r2/G3-R2-CL-AnswerMasked-Anchor050-s42/qa_eval/summary.json
G3-R2-CL-AnswerMasked,g3-r2,nq,3610,0.7316,0.7994,0.8424,0.6061,0.6091,,,,,,,,0.369,0.476,/mnt/tidal-alsh-share2/dataset/liuqi18/E2Rank/checkpoints/iclr2027-g3-r2/G3-R2-CL-AnswerMasked-s42/qa_eval/summary.json
G3-R2-CL-AnswerMasked,g3-r2,hotpotqa,7405,0.4093,0.4544,0.502,0.3392,0.3425,0.0811,0.0897,0.0963,0.0227,0.0359,0.046,0.1529,0.2895,0.3844,/mnt/tidal-alsh-share2/dataset/liuqi18/E2Rank/checkpoints/iclr2027-g3-r2/G3-R2-CL-AnswerMasked-s42/qa_eval/summary.json
G3-R2-CL-AnswerMasked,g3-r2,popqa,14267,0.7175,0.7741,0.8145,0.6114,0.6142,,,,,,,,0.4177,0.4894,/mnt/tidal-alsh-share2/dataset/liuqi18/E2Rank/checkpoints/iclr2027-g3-r2/G3-R2-CL-AnswerMasked-s42/qa_eval/summary.json
G3-R2-CL-AnswerMasked,g3-r2,triviaqa,11313,0.723,0.7705,0.8092,0.6225,0.6253,,,,,,,,0.5982,0.683,/mnt/tidal-alsh-share2/dataset/liuqi18/E2Rank/checkpoints/iclr2027-g3-r2/G3-R2-CL-AnswerMasked-s42/qa_eval/summary.json
G3-R2-CL-AnswerMasked,g3-r2,2wikimultihopqa,12576,0.2886,0.3375,0.3857,0.2266,0.23,0.185,0.1953,0.2043,0.0193,0.034,0.0503,0.3746,0.2342,0.2983,/mnt/tidal-alsh-share2/dataset/liuqi18/E2Rank/checkpoints/iclr2027-g3-r2/G3-R2-CL-AnswerMasked-s42/qa_eval/summary.json
G3-R2-CL-AnswerMasked,g3-r2,musique,2417,0.1622,0.2023,0.2507,0.1171,0.1205,0.0786,0.0852,0.0895,0.0083,0.0103,0.0137,0.2052,0.0563,0.1212,/mnt/tidal-alsh-share2/dataset/liuqi18/E2Rank/checkpoints/iclr2027-g3-r2/G3-R2-CL-AnswerMasked-s42/qa_eval/summary.json
G3-R2-CL-AnswerMasked,g3-r2,bamboogle,125,0.16,0.216,0.32,0.0946,0.1016,,,,,,,,0.192,0.2622,/mnt/tidal-alsh-share2/dataset/liuqi18/E2Rank/checkpoints/iclr2027-g3-r2/G3-R2-CL-AnswerMasked-s42/qa_eval/summary.json
G3-R2-CL-AnswerMasked,g3-r2,training_domain_avg,,0.5704,0.6269,0.6722,0.4726,0.4758,,,,,,,,0.3293,0.4302,/mnt/tidal-alsh-share2/dataset/liuqi18/E2Rank/checkpoints/iclr2027-g3-r2/G3-R2-CL-AnswerMasked-s42/qa_eval/summary.json
G3-R2-CL-AnswerMasked,g3-r2,held_out_avg,,0.4102,0.4601,0.516,0.3344,0.3383,,,,,,,,0.2997,0.3708,/mnt/tidal-alsh-share2/dataset/liuqi18/E2Rank/checkpoints/iclr2027-g3-r2/G3-R2-CL-AnswerMasked-s42/qa_eval/summary.json
G3-R2-CL-AnswerMasked,g3-r2,macro_avg,,0.456,0.5078,0.5606,0.3739,0.3776,,,,,,,,0.3081,0.3878,/mnt/tidal-alsh-share2/dataset/liuqi18/E2Rank/checkpoints/iclr2027-g3-r2/G3-R2-CL-AnswerMasked-s42/qa_eval/summary.json
G3-R2-CL-Binary,g3-r2,nq,3610,0.7313,0.7992,0.8424,0.6047,0.6077,,,,,,,,0.3612,0.4709,/mnt/tidal-alsh-share2/dataset/liuqi18/E2Rank/checkpoints/iclr2027-g3-r2/G3-R2-CL-Binary-s42/qa_eval/summary.json
G3-R2-CL-Binary,g3-r2,hotpotqa,7405,0.4043,0.4488,0.4916,0.3365,0.3394,0.0807,0.0882,0.0946,0.0217,0.0335,0.0429,0.1529,0.2889,0.3832,/mnt/tidal-alsh-share2/dataset/liuqi18/E2Rank/checkpoints/iclr2027-g3-r2/G3-R2-CL-Binary-s42/qa_eval/summary.json
G3-R2-CL-Binary,g3-r2,popqa,14267,0.7179,0.774,0.8146,0.6116,0.6145,,,,,,,,0.4177,0.49,/mnt/tidal-alsh-share2/dataset/liuqi18/E2Rank/checkpoints/iclr2027-g3-r2/G3-R2-CL-Binary-s42/qa_eval/summary.json
G3-R2-CL-Binary,g3-r2,triviaqa,11313,0.7178,0.7655,0.8052,0.6168,0.6196,,,,,,,,0.5922,0.6764,/mnt/tidal-alsh-share2/dataset/liuqi18/E2Rank/checkpoints/iclr2027-g3-r2/G3-R2-CL-Binary-s42/qa_eval/summary.json
G3-R2-CL-Binary,g3-r2,2wikimultihopqa,12576,0.2875,0.3361,0.3836,0.226,0.2293,0.1852,0.1951,0.2041,0.0192,0.0335,0.0499,0.3746,0.2316,0.2957,/mnt/tidal-alsh-share2/dataset/liuqi18/E2Rank/checkpoints/iclr2027-g3-r2/G3-R2-CL-Binary-s42/qa_eval/summary.json
G3-R2-CL-Binary,g3-r2,musique,2417,0.1609,0.1998,0.247,0.1145,0.1177,0.0779,0.085,0.0894,0.007,0.0099,0.0137,0.2052,0.0546,0.1215,/mnt/tidal-alsh-share2/dataset/liuqi18/E2Rank/checkpoints/iclr2027-g3-r2/G3-R2-CL-Binary-s42/qa_eval/summary.json
G3-R2-CL-Binary,g3-r2,bamboogle,125,0.152,0.208,0.304,0.0963,0.1023,,,,,,,,0.184,0.2677,/mnt/tidal-alsh-share2/dataset/liuqi18/E2Rank/checkpoints/iclr2027-g3-r2/G3-R2-CL-Binary-s42/qa_eval/summary.json
G3-R2-CL-Binary,g3-r2,training_domain_avg,,0.5678,0.624,0.667,0.4706,0.4736,,,,,,,,0.325,0.427,/mnt/tidal-alsh-share2/dataset/liuqi18/E2Rank/checkpoints/iclr2027-g3-r2/G3-R2-CL-Binary-s42/qa_eval/summary.json
G3-R2-CL-Binary,g3-r2,held_out_avg,,0.4072,0.4567,0.5109,0.333,0.3367,,,,,,,,0.296,0.3703,/mnt/tidal-alsh-share2/dataset/liuqi18/E2Rank/checkpoints/iclr2027-g3-r2/G3-R2-CL-Binary-s42/qa_eval/summary.json
G3-R2-CL-Binary,g3-r2,macro_avg,,0.4531,0.5045,0.5555,0.3723,0.3758,,,,,,,,0.3043,0.3865,/mnt/tidal-alsh-share2/dataset/liuqi18/E2Rank/checkpoints/iclr2027-g3-r2/G3-R2-CL-Binary-s42/qa_eval/summary.json
G3-R2-CL-Graded,g3-r2,nq,3610,0.7316,0.7994,0.8424,0.6061,0.6091,,,,,,,,0.369,0.476,/mnt/tidal-alsh-share2/dataset/liuqi18/E2Rank/checkpoints/iclr2027-g3-r2/G3-R2-CL-Graded-s42/qa_eval/summary.json
G3-R2-CL-Graded,g3-r2,hotpotqa,7405,0.4093,0.4544,0.502,0.3392,0.3425,0.0811,0.0897,0.0963,0.0227,0.0359,0.046,0.1529,0.2895,0.3844,/mnt/tidal-alsh-share2/dataset/liuqi18/E2Rank/checkpoints/iclr2027-g3-r2/G3-R2-CL-Graded-s42/qa_eval/summary.json
G3-R2-CL-Graded,g3-r2,popqa,14267,0.7175,0.7741,0.8145,0.6114,0.6142,,,,,,,,0.4177,0.4894,/mnt/tidal-alsh-share2/dataset/liuqi18/E2Rank/checkpoints/iclr2027-g3-r2/G3-R2-CL-Graded-s42/qa_eval/summary.json
G3-R2-CL-Graded,g3-r2,triviaqa,11313,0.723,0.7705,0.8092,0.6225,0.6253,,,,,,,,0.5982,0.683,/mnt/tidal-alsh-share2/dataset/liuqi18/E2Rank/checkpoints/iclr2027-g3-r2/G3-R2-CL-Graded-s42/qa_eval/summary.json
G3-R2-CL-Graded,g3-r2,2wikimultihopqa,12576,0.2886,0.3375,0.3857,0.2266,0.23,0.185,0.1953,0.2043,0.0193,0.034,0.0503,0.3746,0.2342,0.2983,/mnt/tidal-alsh-share2/dataset/liuqi18/E2Rank/checkpoints/iclr2027-g3-r2/G3-R2-CL-Graded-s42/qa_eval/summary.json
G3-R2-CL-Graded,g3-r2,musique,2417,0.1622,0.2023,0.2507,0.1171,0.1205,0.0786,0.0852,0.0895,0.0083,0.0103,0.0137,0.2052,0.0563,0.1212,/mnt/tidal-alsh-share2/dataset/liuqi18/E2Rank/checkpoints/iclr2027-g3-r2/G3-R2-CL-Graded-s42/qa_eval/summary.json
G3-R2-CL-Graded,g3-r2,bamboogle,125,0.16,0.216,0.32,0.0946,0.1016,,,,,,,,0.192,0.2622,/mnt/tidal-alsh-share2/dataset/liuqi18/E2Rank/checkpoints/iclr2027-g3-r2/G3-R2-CL-Graded-s42/qa_eval/summary.json
G3-R2-CL-Graded,g3-r2,training_domain_avg,,0.5704,0.6269,0.6722,0.4726,0.4758,,,,,,,,0.3293,0.4302,/mnt/tidal-alsh-share2/dataset/liuqi18/E2Rank/checkpoints/iclr2027-g3-r2/G3-R2-CL-Graded-s42/qa_eval/summary.json
G3-R2-CL-Graded,g3-r2,held_out_avg,,0.4102,0.4601,0.516,0.3344,0.3383,,,,,,,,0.2997,0.3708,/mnt/tidal-alsh-share2/dataset/liuqi18/E2Rank/checkpoints/iclr2027-g3-r2/G3-R2-CL-Graded-s42/qa_eval/summary.json
G3-R2-CL-Graded,g3-r2,macro_avg,,0.456,0.5078,0.5606,0.3739,0.3776,,,,,,,,0.3081,0.3878,/mnt/tidal-alsh-share2/dataset/liuqi18/E2Rank/checkpoints/iclr2027-g3-r2/G3-R2-CL-Graded-s42/qa_eval/summary.json
G3-R2-CL-Strong-AnswerMasked,g3-r2,nq,3610,0.7319,0.7989,0.8416,0.6065,0.6096,,,,,,,,0.369,0.4782,/mnt/tidal-alsh-share2/dataset/liuqi18/E2Rank/checkpoints/iclr2027-g3-r2/G3-R2-CL-Strong-AnswerMasked-s42/qa_eval/summary.json
G3-R2-CL-Strong-AnswerMasked,g3-r2,hotpotqa,7405,0.4092,0.4548,0.5017,0.3393,0.3426,0.0811,0.0896,0.0962,0.0227,0.0359,0.0456,0.1529,0.2898,0.3853,/mnt/tidal-alsh-share2/dataset/liuqi18/E2Rank/checkpoints/iclr2027-g3-r2/G3-R2-CL-Strong-AnswerMasked-s42/qa_eval/summary.json
G3-R2-CL-Strong-AnswerMasked,g3-r2,popqa,14267,0.7171,0.7743,0.8146,0.6119,0.6148,,,,,,,,0.4194,0.4918,/mnt/tidal-alsh-share2/dataset/liuqi18/E2Rank/checkpoints/iclr2027-g3-r2/G3-R2-CL-Strong-AnswerMasked-s42/qa_eval/summary.json
G3-R2-CL-Strong-AnswerMasked,g3-r2,triviaqa,11313,0.7234,0.7709,0.8097,0.623,0.6258,,,,,,,,0.5979,0.6822,/mnt/tidal-alsh-share2/dataset/liuqi18/E2Rank/checkpoints/iclr2027-g3-r2/G3-R2-CL-Strong-AnswerMasked-s42/qa_eval/summary.json
G3-R2-CL-Strong-AnswerMasked,g3-r2,2wikimultihopqa,12576,0.2883,0.3375,0.3861,0.2266,0.23,0.185,0.1953,0.2043,0.0192,0.034,0.0503,0.3746,0.2335,0.2971,/mnt/tidal-alsh-share2/dataset/liuqi18/E2Rank/checkpoints/iclr2027-g3-r2/G3-R2-CL-Strong-AnswerMasked-s42/qa_eval/summary.json
G3-R2-CL-Strong-AnswerMasked,g3-r2,musique,2417,0.1638,0.2023,0.2499,0.1169,0.1203,0.0784,0.0852,0.0895,0.0083,0.0103,0.0137,0.2052,0.0567,0.1226,/mnt/tidal-alsh-share2/dataset/liuqi18/E2Rank/checkpoints/iclr2027-g3-r2/G3-R2-CL-Strong-AnswerMasked-s42/qa_eval/summary.json
G3-R2-CL-Strong-AnswerMasked,g3-r2,bamboogle,125,0.16,0.216,0.32,0.0937,0.1006,,,,,,,,0.192,0.2622,/mnt/tidal-alsh-share2/dataset/liuqi18/E2Rank/checkpoints/iclr2027-g3-r2/G3-R2-CL-Strong-AnswerMasked-s42/qa_eval/summary.json
G3-R2-CL-Strong-AnswerMasked,g3-r2,training_domain_avg,,0.5705,0.6269,0.6716,0.4729,0.4761,,,,,,,,0.3294,0.4318,/mnt/tidal-alsh-share2/dataset/liuqi18/E2Rank/checkpoints/iclr2027-g3-r2/G3-R2-CL-Strong-AnswerMasked-s42/qa_eval/summary.json
G3-R2-CL-Strong-AnswerMasked,g3-r2,held_out_avg,,0.4105,0.4602,0.516,0.3344,0.3383,,,,,,,,0.2999,0.3712,/mnt/tidal-alsh-share2/dataset/liuqi18/E2Rank/checkpoints/iclr2027-g3-r2/G3-R2-CL-Strong-AnswerMasked-s42/qa_eval/summary.json
G3-R2-CL-Strong-AnswerMasked,g3-r2,macro_avg,,0.4562,0.5078,0.5605,0.374,0.3776,,,,,,,,0.3083,0.3885,/mnt/tidal-alsh-share2/dataset/liuqi18/E2Rank/checkpoints/iclr2027-g3-r2/G3-R2-CL-Strong-AnswerMasked-s42/qa_eval/summary.json
G3-R2-RL-AnswerF1-Anchor050,g3-r2,nq,3610,0.703,0.7731,0.8241,0.5642,0.5679,,,,,,,,0.3584,0.4656,/mnt/tidal-alsh-share2/dataset/liuqi18/E2Rank/checkpoints/iclr2027-g3-r2/G3-R2-RL-AnswerF1-Anchor050-s42/qa_eval/summary.json
G3-R2-RL-AnswerF1-Anchor050,g3-r2,hotpotqa,7405,0.5002,0.5573,0.6115,0.3963,0.4,0.0937,0.1069,0.1167,0.0513,0.071,0.086,0.1529,0.3329,0.4347,/mnt/tidal-alsh-share2/dataset/liuqi18/E2Rank/checkpoints/iclr2027-g3-r2/G3-R2-RL-AnswerF1-Anchor050-s42/qa_eval/summary.json
G3-R2-RL-AnswerF1-Anchor050,g3-r2,popqa,14267,0.7123,0.767,0.8086,0.6052,0.6081,,,,,,,,0.422,0.4943,/mnt/tidal-alsh-share2/dataset/liuqi18/E2Rank/checkpoints/iclr2027-g3-r2/G3-R2-RL-AnswerF1-Anchor050-s42/qa_eval/summary.json
G3-R2-RL-AnswerF1-Anchor050,g3-r2,triviaqa,11313,0.748,0.7923,0.8256,0.6523,0.6547,,,,,,,,0.6133,0.6982,/mnt/tidal-alsh-share2/dataset/liuqi18/E2Rank/checkpoints/iclr2027-g3-r2/G3-R2-RL-AnswerF1-Anchor050-s42/qa_eval/summary.json
G3-R2-RL-AnswerF1-Anchor050,g3-r2,2wikimultihopqa,12576,0.3925,0.4594,0.5187,0.2929,0.2971,0.2041,0.2253,0.2403,0.056,0.0869,0.1117,0.3746,0.2878,0.3514,/mnt/tidal-alsh-share2/dataset/liuqi18/E2Rank/checkpoints/iclr2027-g3-r2/G3-R2-RL-AnswerF1-Anchor050-s42/qa_eval/summary.json
G3-R2-RL-AnswerF1-Anchor050,g3-r2,musique,2417,0.2213,0.2909,0.3575,0.1544,0.1592,0.0667,0.0767,0.0857,0.0066,0.0124,0.0207,0.2052,0.0707,0.1476,/mnt/tidal-alsh-share2/dataset/liuqi18/E2Rank/checkpoints/iclr2027-g3-r2/G3-R2-RL-AnswerF1-Anchor050-s42/qa_eval/summary.json
G3-R2-RL-AnswerF1-Anchor050,g3-r2,bamboogle,125,0.216,0.312,0.424,0.1281,0.1358,,,,,,,,0.168,0.2594,/mnt/tidal-alsh-share2/dataset/liuqi18/E2Rank/checkpoints/iclr2027-g3-r2/G3-R2-RL-AnswerF1-Anchor050-s42/qa_eval/summary.json
G3-R2-RL-AnswerF1-Anchor050,g3-r2,training_domain_avg,,0.6016,0.6652,0.7178,0.4803,0.484,,,,,,,,0.3457,0.4502,/mnt/tidal-alsh-share2/dataset/liuqi18/E2Rank/checkpoints/iclr2027-g3-r2/G3-R2-RL-AnswerF1-Anchor050-s42/qa_eval/summary.json
G3-R2-RL-AnswerF1-Anchor050,g3-r2,held_out_avg,,0.458,0.5243,0.5869,0.3666,0.371,,,,,,,,0.3124,0.3902,/mnt/tidal-alsh-share2/dataset/liuqi18/E2Rank/checkpoints/iclr2027-g3-r2/G3-R2-RL-AnswerF1-Anchor050-s42/qa_eval/summary.json
G3-R2-RL-AnswerF1-Anchor050,g3-r2,macro_avg,,0.4991,0.5646,0.6243,0.3991,0.4033,,,,,,,,0.3219,0.4073,/mnt/tidal-alsh-share2/dataset/liuqi18/E2Rank/checkpoints/iclr2027-g3-r2/G3-R2-RL-AnswerF1-Anchor050-s42/qa_eval/summary.json
G3-R2-RL-AnswerF1,g3-r2,nq,3610,0.6881,0.7598,0.8175,0.556,0.5601,,,,,,,,0.3524,0.4614,/mnt/tidal-alsh-share2/dataset/liuqi18/E2Rank/checkpoints/iclr2027-g3-r2/G3-R2-RL-AnswerF1-s42/qa_eval/summary.json
G3-R2-RL-AnswerF1,g3-r2,hotpotqa,7405,0.5022,0.563,0.6139,0.3981,0.4016,0.0927,0.1061,0.116,0.0513,0.0714,0.0863,0.1529,0.3305,0.4308,/mnt/tidal-alsh-share2/dataset/liuqi18/E2Rank/checkpoints/iclr2027-g3-r2/G3-R2-RL-AnswerF1-s42/qa_eval/summary.json
G3-R2-RL-AnswerF1,g3-r2,popqa,14267,0.7044,0.7627,0.8056,0.5952,0.5982,,,,,,,,0.4187,0.489,/mnt/tidal-alsh-share2/dataset/liuqi18/E2Rank/checkpoints/iclr2027-g3-r2/G3-R2-RL-AnswerF1-s42/qa_eval/summary.json
G3-R2-RL-AnswerF1,g3-r2,triviaqa,11313,0.7361,0.7814,0.8178,0.6368,0.6394,,,,,,,,0.6022,0.6876,/mnt/tidal-alsh-share2/dataset/liuqi18/E2Rank/checkpoints/iclr2027-g3-r2/G3-R2-RL-AnswerF1-s42/qa_eval/summary.json
G3-R2-RL-AnswerF1,g3-r2,2wikimultihopqa,12576,0.3892,0.4563,0.5151,0.2877,0.2919,0.2036,0.2253,0.2412,0.0559,0.0872,0.1131,0.3746,0.2836,0.3455,/mnt/tidal-alsh-share2/dataset/liuqi18/E2Rank/checkpoints/iclr2027-g3-r2/G3-R2-RL-AnswerF1-s42/qa_eval/summary.json
G3-R2-RL-AnswerF1,g3-r2,musique,2417,0.2284,0.2958,0.3612,0.1612,0.1657,0.0648,0.0747,0.085,0.0062,0.0132,0.0207,0.2052,0.0712,0.1516,/mnt/tidal-alsh-share2/dataset/liuqi18/E2Rank/checkpoints/iclr2027-g3-r2/G3-R2-RL-AnswerF1-s42/qa_eval/summary.json
G3-R2-RL-AnswerF1,g3-r2,bamboogle,125,0.216,0.32,0.392,0.1154,0.1201,,,,,,,,0.176,0.2786,/mnt/tidal-alsh-share2/dataset/liuqi18/E2Rank/checkpoints/iclr2027-g3-r2/G3-R2-RL-AnswerF1-s42/qa_eval/summary.json
G3-R2-RL-AnswerF1,g3-r2,training_domain_avg,,0.5952,0.6614,0.7157,0.4771,0.4809,,,,,,,,0.3414,0.4461,/mnt/tidal-alsh-share2/dataset/liuqi18/E2Rank/checkpoints/iclr2027-g3-r2/G3-R2-RL-AnswerF1-s42/qa_eval/summary.json
G3-R2-RL-AnswerF1,g3-r2,held_out_avg,,0.4548,0.5233,0.5784,0.3593,0.3631,,,,,,,,0.3103,0.3905,/mnt/tidal-alsh-share2/dataset/liuqi18/E2Rank/checkpoints/iclr2027-g3-r2/G3-R2-RL-AnswerF1-s42/qa_eval/summary.json
G3-R2-RL-AnswerF1,g3-r2,macro_avg,,0.4949,0.5627,0.6176,0.3929,0.3967,,,,,,,,0.3192,0.4064,/mnt/tidal-alsh-share2/dataset/liuqi18/E2Rank/checkpoints/iclr2027-g3-r2/G3-R2-RL-AnswerF1-s42/qa_eval/summary.json
G3-R2-RL-BinaryNDCG,g3-r2,nq,3610,0.7122,0.7776,0.8274,0.5863,0.5898,,,,,,,,0.3584,0.4644,/mnt/tidal-alsh-share2/dataset/liuqi18/E2Rank/checkpoints/iclr2027-g3-r2/G3-R2-RL-BinaryNDCG-s42/qa_eval/summary.json
G3-R2-RL-BinaryNDCG,g3-r2,hotpotqa,7405,0.4932,0.5523,0.6077,0.3915,0.3953,0.1004,0.1119,0.1198,0.0602,0.0786,0.0914,0.1529,0.33,0.4315,/mnt/tidal-alsh-share2/dataset/liuqi18/E2Rank/checkpoints/iclr2027-g3-r2/G3-R2-RL-BinaryNDCG-s42/qa_eval/summary.json
G3-R2-RL-BinaryNDCG,g3-r2,popqa,14267,0.7027,0.7571,0.8015,0.5962,0.5993,,,,,,,,0.4108,0.482,/mnt/tidal-alsh-share2/dataset/liuqi18/E2Rank/checkpoints/iclr2027-g3-r2/G3-R2-RL-BinaryNDCG-s42/qa_eval/summary.json
G3-R2-RL-BinaryNDCG,g3-r2,triviaqa,11313,0.7359,0.7822,0.8183,0.636,0.6385,,,,,,,,0.6011,0.687,/mnt/tidal-alsh-share2/dataset/liuqi18/E2Rank/checkpoints/iclr2027-g3-r2/G3-R2-RL-BinaryNDCG-s42/qa_eval/summary.json
G3-R2-RL-BinaryNDCG,g3-r2,2wikimultihopqa,12576,0.3983,0.4617,0.518,0.2961,0.3,0.2141,0.2326,0.2471,0.0693,0.0967,0.1224,0.3746,0.2838,0.3463,/mnt/tidal-alsh-share2/dataset/liuqi18/E2Rank/checkpoints/iclr2027-g3-r2/G3-R2-RL-BinaryNDCG-s42/qa_eval/summary.json
G3-R2-RL-BinaryNDCG,g3-r2,musique,2417,0.1887,0.2396,0.2938,0.1343,0.1381,0.0759,0.0852,0.0908,0.0091,0.0153,0.0203,0.2052,0.0559,0.1337,/mnt/tidal-alsh-share2/dataset/liuqi18/E2Rank/checkpoints/iclr2027-g3-r2/G3-R2-RL-BinaryNDCG-s42/qa_eval/summary.json
G3-R2-RL-BinaryNDCG,g3-r2,bamboogle,125,0.2,0.296,0.368,0.1145,0.1192,,,,,,,,0.216,0.2959,/mnt/tidal-alsh-share2/dataset/liuqi18/E2Rank/checkpoints/iclr2027-g3-r2/G3-R2-RL-BinaryNDCG-s42/qa_eval/summary.json
G3-R2-RL-BinaryNDCG,g3-r2,training_domain_avg,,0.6027,0.6649,0.7176,0.4889,0.4926,,,,,,,,0.3442,0.448,/mnt/tidal-alsh-share2/dataset/liuqi18/E2Rank/checkpoints/iclr2027-g3-r2/G3-R2-RL-BinaryNDCG-s42/qa_eval/summary.json
G3-R2-RL-BinaryNDCG,g3-r2,held_out_avg,,0.4451,0.5073,0.5599,0.3554,0.359,,,,,,,,0.3135,0.389,/mnt/tidal-alsh-share2/dataset/liuqi18/E2Rank/checkpoints/iclr2027-g3-r2/G3-R2-RL-BinaryNDCG-s42/qa_eval/summary.json
G3-R2-RL-BinaryNDCG,g3-r2,macro_avg,,0.4901,0.5523,0.6049,0.3936,0.3972,,,,,,,,0.3223,0.4058,/mnt/tidal-alsh-share2/dataset/liuqi18/E2Rank/checkpoints/iclr2027-g3-r2/G3-R2-RL-BinaryNDCG-s42/qa_eval/summary.json
G3-R2-RL-GradedNDCG-Anchor010,g3-r2,nq,3610,0.7233,0.7873,0.8346,0.5923,0.5956,,,,,,,,0.3587,0.4655,/mnt/tidal-alsh-share2/dataset/liuqi18/E2Rank/checkpoints/iclr2027-g3-r2/G3-R2-RL-GradedNDCG-Anchor010-s42/qa_eval/summary.json
G3-R2-RL-GradedNDCG-Anchor010,g3-r2,hotpotqa,7405,0.5036,0.5596,0.6136,0.3965,0.4003,0.1002,0.111,0.1202,0.0602,0.0771,0.0916,0.1529,0.3348,0.4355,/mnt/tidal-alsh-share2/dataset/liuqi18/E2Rank/checkpoints/iclr2027-g3-r2/G3-R2-RL-GradedNDCG-Anchor010-s42/qa_eval/summary.json
G3-R2-RL-GradedNDCG-Anchor010,g3-r2,popqa,14267,0.711,0.7655,0.8077,0.6068,0.6098,,,,,,,,0.4181,0.489,/mnt/tidal-alsh-share2/dataset/liuqi18/E2Rank/checkpoints/iclr2027-g3-r2/G3-R2-RL-GradedNDCG-Anchor010-s42/qa_eval/summary.json
G3-R2-RL-GradedNDCG-Anchor010,g3-r2,triviaqa,11313,0.746,0.793,0.8256,0.6479,0.6502,,,,,,,,0.6064,0.6927,/mnt/tidal-alsh-share2/dataset/liuqi18/E2Rank/checkpoints/iclr2027-g3-r2/G3-R2-RL-GradedNDCG-Anchor010-s42/qa_eval/summary.json
G3-R2-RL-GradedNDCG-Anchor010,g3-r2,2wikimultihopqa,12576,0.4039,0.4676,0.5254,0.3003,0.3043,0.2142,0.2328,0.2478,0.0685,0.0971,0.1235,0.3746,0.2876,0.3498,/mnt/tidal-alsh-share2/dataset/liuqi18/E2Rank/checkpoints/iclr2027-g3-r2/G3-R2-RL-GradedNDCG-Anchor010-s42/qa_eval/summary.json
G3-R2-RL-GradedNDCG-Anchor010,g3-r2,musique,2417,0.204,0.2561,0.319,0.1444,0.1487,0.0742,0.0839,0.0904,0.0083,0.0157,0.0203,0.2052,0.0583,0.1391,/mnt/tidal-alsh-share2/dataset/liuqi18/E2Rank/checkpoints/iclr2027-g3-r2/G3-R2-RL-GradedNDCG-Anchor010-s42/qa_eval/summary.json
G3-R2-RL-GradedNDCG-Anchor010,g3-r2,bamboogle,125,0.208,0.304,0.392,0.1192,0.1251,,,,,,,,0.224,0.3029,/mnt/tidal-alsh-share2/dataset/liuqi18/E2Rank/checkpoints/iclr2027-g3-r2/G3-R2-RL-GradedNDCG-Anchor010-s42/qa_eval/summary.json
G3-R2-RL-GradedNDCG-Anchor010,g3-r2,training_domain_avg,,0.6134,0.6734,0.7241,0.4944,0.4979,,,,,,,,0.3467,0.4505,/mnt/tidal-alsh-share2/dataset/liuqi18/E2Rank/checkpoints/iclr2027-g3-r2/G3-R2-RL-GradedNDCG-Anchor010-s42/qa_eval/summary.json
G3-R2-RL-GradedNDCG-Anchor010,g3-r2,held_out_avg,,0.4546,0.5173,0.5739,0.3637,0.3676,,,,,,,,0.3189,0.3947,/mnt/tidal-alsh-share2/dataset/liuqi18/E2Rank/checkpoints/iclr2027-g3-r2/G3-R2-RL-GradedNDCG-Anchor010-s42/qa_eval/summary.json
G3-R2-RL-GradedNDCG-Anchor010,g3-r2,macro_avg,,0.5,0.5619,0.6169,0.4011,0.4049,,,,,,,,0.3268,0.4107,/mnt/tidal-alsh-share2/dataset/liuqi18/E2Rank/checkpoints/iclr2027-g3-r2/G3-R2-RL-GradedNDCG-Anchor010-s42/qa_eval/summary.json
G3-R2-RL-GradedNDCG-Anchor050,g3-r2,nq,3610,0.7211,0.7878,0.8332,0.5908,0.5941,,,,,,,,0.362,0.4689,/mnt/tidal-alsh-share2/dataset/liuqi18/E2Rank/checkpoints/iclr2027-g3-r2/G3-R2-RL-GradedNDCG-Anchor050-s42/qa_eval/summary.json
G3-R2-RL-GradedNDCG-Anchor050,g3-r2,hotpotqa,7405,0.5014,0.5571,0.6096,0.3965,0.4002,0.099,0.11,0.1191,0.0582,0.0748,0.0891,0.1529,0.3352,0.4368,/mnt/tidal-alsh-share2/dataset/liuqi18/E2Rank/checkpoints/iclr2027-g3-r2/G3-R2-RL-GradedNDCG-Anchor050-s42/qa_eval/summary.json
G3-R2-RL-GradedNDCG-Anchor050,g3-r2,popqa,14267,0.7141,0.7683,0.8094,0.6098,0.6127,,,,,,,,0.4202,0.4906,/mnt/tidal-alsh-share2/dataset/liuqi18/E2Rank/checkpoints/iclr2027-g3-r2/G3-R2-RL-GradedNDCG-Anchor050-s42/qa_eval/summary.json
G3-R2-RL-GradedNDCG-Anchor050,g3-r2,triviaqa,11313,0.7514,0.796,0.8283,0.6535,0.6557,,,,,,,,0.6074,0.6949,/mnt/tidal-alsh-share2/dataset/liuqi18/E2Rank/checkpoints/iclr2027-g3-r2/G3-R2-RL-GradedNDCG-Anchor050-s42/qa_eval/summary.json
G3-R2-RL-GradedNDCG-Anchor050,g3-r2,2wikimultihopqa,12576,0.4038,0.4673,0.526,0.3003,0.3044,0.2119,0.2321,0.2468,0.0659,0.0963,0.1215,0.3746,0.2903,0.3526,/mnt/tidal-alsh-share2/dataset/liuqi18/E2Rank/checkpoints/iclr2027-g3-r2/G3-R2-RL-GradedNDCG-Anchor050-s42/qa_eval/summary.json
G3-R2-RL-GradedNDCG-Anchor050,g3-r2,musique,2417,0.2085,0.271,0.3318,0.1472,0.1512,0.0733,0.0814,0.089,0.0091,0.0149,0.019,0.2052,0.0658,0.1446,/mnt/tidal-alsh-share2/dataset/liuqi18/E2Rank/checkpoints/iclr2027-g3-r2/G3-R2-RL-GradedNDCG-Anchor050-s42/qa_eval/summary.json
G3-R2-RL-GradedNDCG-Anchor050,g3-r2,bamboogle,125,0.216,0.296,0.408,0.1267,0.134,,,,,,,,0.192,0.2783,/mnt/tidal-alsh-share2/dataset/liuqi18/E2Rank/checkpoints/iclr2027-g3-r2/G3-R2-RL-GradedNDCG-Anchor050-s42/qa_eval/summary.json
G3-R2-RL-GradedNDCG-Anchor050,g3-r2,training_domain_avg,,0.6112,0.6724,0.7214,0.4937,0.4971,,,,,,,,0.3486,0.4529,/mnt/tidal-alsh-share2/dataset/liuqi18/E2Rank/checkpoints/iclr2027-g3-r2/G3-R2-RL-GradedNDCG-Anchor050-s42/qa_eval/summary.json
G3-R2-RL-GradedNDCG-Anchor050,g3-r2,held_out_avg,,0.4588,0.5197,0.5807,0.3675,0.3716,,,,,,,,0.3151,0.3922,/mnt/tidal-alsh-share2/dataset/liuqi18/E2Rank/checkpoints/iclr2027-g3-r2/G3-R2-RL-GradedNDCG-Anchor050-s42/qa_eval/summary.json
G3-R2-RL-GradedNDCG-Anchor050,g3-r2,macro_avg,,0.5023,0.5633,0.6209,0.4035,0.4075,,,,,,,,0.3247,0.4095,/mnt/tidal-alsh-share2/dataset/liuqi18/E2Rank/checkpoints/iclr2027-g3-r2/G3-R2-RL-GradedNDCG-Anchor050-s42/qa_eval/summary.json
G3-R2-RL-GradedNDCG-LRHalf,g3-r2,nq,3610,0.7199,0.7842,0.831,0.5907,0.5941,,,,,,,,0.3565,0.4636,/mnt/tidal-alsh-share2/dataset/liuqi18/E2Rank/checkpoints/iclr2027-g3-r2/G3-R2-RL-GradedNDCG-LRHalf-s42/qa_eval/summary.json
G3-R2-RL-GradedNDCG-LRHalf,g3-r2,hotpotqa,7405,0.5014,0.56,0.6128,0.3961,0.3998,0.1007,0.1113,0.1199,0.061,0.0775,0.0917,0.1529,0.3318,0.4324,/mnt/tidal-alsh-share2/dataset/liuqi18/E2Rank/checkpoints/iclr2027-g3-r2/G3-R2-RL-GradedNDCG-LRHalf-s42/qa_eval/summary.json
G3-R2-RL-GradedNDCG-LRHalf,g3-r2,popqa,14267,0.7069,0.7614,0.8056,0.6017,0.6048,,,,,,,,0.4153,0.4864,/mnt/tidal-alsh-share2/dataset/liuqi18/E2Rank/checkpoints/iclr2027-g3-r2/G3-R2-RL-GradedNDCG-LRHalf-s42/qa_eval/summary.json
G3-R2-RL-GradedNDCG-LRHalf,g3-r2,triviaqa,11313,0.7422,0.7886,0.8228,0.6434,0.6459,,,,,,,,0.6051,0.6914,/mnt/tidal-alsh-share2/dataset/liuqi18/E2Rank/checkpoints/iclr2027-g3-r2/G3-R2-RL-GradedNDCG-LRHalf-s42/qa_eval/summary.json
G3-R2-RL-GradedNDCG-LRHalf,g3-r2,2wikimultihopqa,12576,0.4024,0.4672,0.523,0.2987,0.3025,0.2136,0.233,0.247,0.0679,0.0979,0.1225,0.3746,0.2878,0.3485,/mnt/tidal-alsh-share2/dataset/liuqi18/E2Rank/checkpoints/iclr2027-g3-r2/G3-R2-RL-GradedNDCG-LRHalf-s42/qa_eval/summary.json
G3-R2-RL-GradedNDCG-LRHalf,g3-r2,musique,2417,0.2056,0.2573,0.3169,0.1423,0.1464,0.0746,0.0842,0.0897,0.0095,0.0157,0.0203,0.2052,0.0658,0.1422,/mnt/tidal-alsh-share2/dataset/liuqi18/E2Rank/checkpoints/iclr2027-g3-r2/G3-R2-RL-GradedNDCG-LRHalf-s42/qa_eval/summary.json
G3-R2-RL-GradedNDCG-LRHalf,g3-r2,bamboogle,125,0.208,0.304,0.392,0.1229,0.1291,,,,,,,,0.224,0.3163,/mnt/tidal-alsh-share2/dataset/liuqi18/E2Rank/checkpoints/iclr2027-g3-r2/G3-R2-RL-GradedNDCG-LRHalf-s42/qa_eval/summary.json
G3-R2-RL-GradedNDCG-LRHalf,g3-r2,training_domain_avg,,0.6107,0.6721,0.7219,0.4934,0.4969,,,,,,,,0.3442,0.448,/mnt/tidal-alsh-share2/dataset/liuqi18/E2Rank/checkpoints/iclr2027-g3-r2/G3-R2-RL-GradedNDCG-LRHalf-s42/qa_eval/summary.json
G3-R2-RL-GradedNDCG-LRHalf,g3-r2,held_out_avg,,0.453,0.5157,0.572,0.3618,0.3657,,,,,,,,0.3196,0.3969,/mnt/tidal-alsh-share2/dataset/liuqi18/E2Rank/checkpoints/iclr2027-g3-r2/G3-R2-RL-GradedNDCG-LRHalf-s42/qa_eval/summary.json
G3-R2-RL-GradedNDCG-LRHalf,g3-r2,macro_avg,,0.4981,0.5604,0.6149,0.3994,0.4032,,,,,,,,0.3266,0.4115,/mnt/tidal-alsh-share2/dataset/liuqi18/E2Rank/checkpoints/iclr2027-g3-r2/G3-R2-RL-GradedNDCG-LRHalf-s42/qa_eval/summary.json
G3-R2-RL-GradedNDCG-Seed3407,g3-r2,nq,3610,0.7219,0.7848,0.8285,0.5931,0.5962,,,,,,,,0.3584,0.4642,/mnt/tidal-alsh-share2/dataset/liuqi18/E2Rank/checkpoints/iclr2027-g3-r2/G3-R2-RL-GradedNDCG-Seed3407-s3407/qa_eval/summary.json
G3-R2-RL-GradedNDCG-Seed3407,g3-r2,hotpotqa,7405,0.5014,0.5625,0.615,0.3987,0.4024,0.1006,0.1118,0.1204,0.0613,0.0783,0.0924,0.1529,0.3299,0.4305,/mnt/tidal-alsh-share2/dataset/liuqi18/E2Rank/checkpoints/iclr2027-g3-r2/G3-R2-RL-GradedNDCG-Seed3407-s3407/qa_eval/summary.json
G3-R2-RL-GradedNDCG-Seed3407,g3-r2,popqa,14267,0.7107,0.7634,0.8063,0.6046,0.6076,,,,,,,,0.4115,0.4826,/mnt/tidal-alsh-share2/dataset/liuqi18/E2Rank/checkpoints/iclr2027-g3-r2/G3-R2-RL-GradedNDCG-Seed3407-s3407/qa_eval/summary.json
G3-R2-RL-GradedNDCG-Seed3407,g3-r2,triviaqa,11313,0.739,0.7877,0.8212,0.6391,0.6415,,,,,,,,0.6026,0.6884,/mnt/tidal-alsh-share2/dataset/liuqi18/E2Rank/checkpoints/iclr2027-g3-r2/G3-R2-RL-GradedNDCG-Seed3407-s3407/qa_eval/summary.json
G3-R2-RL-GradedNDCG-Seed3407,g3-r2,2wikimultihopqa,12576,0.4023,0.4645,0.522,0.2999,0.3039,0.2133,0.2319,0.2465,0.0681,0.0959,0.1209,0.3746,0.2844,0.3473,/mnt/tidal-alsh-share2/dataset/liuqi18/E2Rank/checkpoints/iclr2027-g3-r2/G3-R2-RL-GradedNDCG-Seed3407-s3407/qa_eval/summary.json
G3-R2-RL-GradedNDCG-Seed3407,g3-r2,musique,2417,0.1969,0.2474,0.307,0.139,0.1432,0.0756,0.0855,0.0908,0.0091,0.0161,0.0203,0.2052,0.0654,0.1429,/mnt/tidal-alsh-share2/dataset/liuqi18/E2Rank/checkpoints/iclr2027-g3-r2/G3-R2-RL-GradedNDCG-Seed3407-s3407/qa_eval/summary.json
G3-R2-RL-GradedNDCG-Seed3407,g3-r2,bamboogle,125,0.2,0.28,0.384,0.1159,0.123,,,,,,,,0.184,0.2525,/mnt/tidal-alsh-share2/dataset/liuqi18/E2Rank/checkpoints/iclr2027-g3-r2/G3-R2-RL-GradedNDCG-Seed3407-s3407/qa_eval/summary.json
G3-R2-RL-GradedNDCG-Seed3407,g3-r2,training_domain_avg,,0.6117,0.6736,0.7218,0.4959,0.4993,,,,,,,,0.3442,0.4474,/mnt/tidal-alsh-share2/dataset/liuqi18/E2Rank/checkpoints/iclr2027-g3-r2/G3-R2-RL-GradedNDCG-Seed3407-s3407/qa_eval/summary.json
G3-R2-RL-GradedNDCG-Seed3407,g3-r2,held_out_avg,,0.4498,0.5086,0.5681,0.3597,0.3638,,,,,,,,0.3096,0.3828,/mnt/tidal-alsh-share2/dataset/liuqi18/E2Rank/checkpoints/iclr2027-g3-r2/G3-R2-RL-GradedNDCG-Seed3407-s3407/qa_eval/summary.json
G3-R2-RL-GradedNDCG-Seed3407,g3-r2,macro_avg,,0.496,0.5558,0.612,0.3986,0.4025,,,,,,,,0.3195,0.4012,/mnt/tidal-alsh-share2/dataset/liuqi18/E2Rank/checkpoints/iclr2027-g3-r2/G3-R2-RL-GradedNDCG-Seed3407-s3407/qa_eval/summary.json
G3-R2-RL-GradedNDCG,g3-r2,nq,3610,0.7216,0.7878,0.8302,0.5941,0.5971,,,,,,,,0.3554,0.4597,/mnt/tidal-alsh-share2/dataset/liuqi18/E2Rank/checkpoints/iclr2027-g3-r2/G3-R2-RL-GradedNDCG-s42/qa_eval/summary.json
G3-R2-RL-GradedNDCG,g3-r2,hotpotqa,7405,0.4986,0.56,0.6134,0.3955,0.3993,0.1002,0.1116,0.1207,0.0602,0.0779,0.0929,0.1529,0.3344,0.4333,/mnt/tidal-alsh-share2/dataset/liuqi18/E2Rank/checkpoints/iclr2027-g3-r2/G3-R2-RL-GradedNDCG-s42/qa_eval/summary.json
G3-R2-RL-GradedNDCG,g3-r2,popqa,14267,0.7048,0.7618,0.8054,0.5996,0.6027,,,,,,,,0.4127,0.4853,/mnt/tidal-alsh-share2/dataset/liuqi18/E2Rank/checkpoints/iclr2027-g3-r2/G3-R2-RL-GradedNDCG-s42/qa_eval/summary.json
G3-R2-RL-GradedNDCG,g3-r2,triviaqa,11313,0.7424,0.7859,0.8203,0.6405,0.6429,,,,,,,,0.605,0.6914,/mnt/tidal-alsh-share2/dataset/liuqi18/E2Rank/checkpoints/iclr2027-g3-r2/G3-R2-RL-GradedNDCG-s42/qa_eval/summary.json
G3-R2-RL-GradedNDCG,g3-r2,2wikimultihopqa,12576,0.402,0.4677,0.522,0.2985,0.3022,0.2146,0.2335,0.2478,0.0699,0.0983,0.1236,0.3746,0.2869,0.3488,/mnt/tidal-alsh-share2/dataset/liuqi18/E2Rank/checkpoints/iclr2027-g3-r2/G3-R2-RL-GradedNDCG-s42/qa_eval/summary.json
G3-R2-RL-GradedNDCG,g3-r2,musique,2417,0.1965,0.2511,0.312,0.1388,0.1428,0.076,0.0847,0.0904,0.0091,0.0153,0.0207,0.2052,0.0604,0.1336,/mnt/tidal-alsh-share2/dataset/liuqi18/E2Rank/checkpoints/iclr2027-g3-r2/G3-R2-RL-GradedNDCG-s42/qa_eval/summary.json
G3-R2-RL-GradedNDCG,g3-r2,bamboogle,125,0.2,0.304,0.384,0.1231,0.1289,,,,,,,,0.232,0.3088,/mnt/tidal-alsh-share2/dataset/liuqi18/E2Rank/checkpoints/iclr2027-g3-r2/G3-R2-RL-GradedNDCG-s42/qa_eval/summary.json
G3-R2-RL-GradedNDCG,g3-r2,training_domain_avg,,0.6101,0.6739,0.7218,0.4948,0.4982,,,,,,,,0.3449,0.4465,/mnt/tidal-alsh-share2/dataset/liuqi18/E2Rank/checkpoints/iclr2027-g3-r2/G3-R2-RL-GradedNDCG-s42/qa_eval/summary.json
G3-R2-RL-GradedNDCG,g3-r2,held_out_avg,,0.4491,0.5141,0.5687,0.3601,0.3639,,,,,,,,0.3194,0.3936,/mnt/tidal-alsh-share2/dataset/liuqi18/E2Rank/checkpoints/iclr2027-g3-r2/G3-R2-RL-GradedNDCG-s42/qa_eval/summary.json
G3-R2-RL-GradedNDCG,g3-r2,macro_avg,,0.4951,0.5598,0.6125,0.3986,0.4023,,,,,,,,0.3267,0.4087,/mnt/tidal-alsh-share2/dataset/liuqi18/E2Rank/checkpoints/iclr2027-g3-r2/G3-R2-RL-GradedNDCG-s42/qa_eval/summary.json
G3-R2-RL-MRR-Graded,g3-r2,nq,3610,0.7144,0.7878,0.8335,0.5914,0.5946,,,,,,,,0.3598,0.4649,/mnt/tidal-alsh-share2/dataset/liuqi18/E2Rank/checkpoints/iclr2027-g3-r2/G3-R2-RL-MRR-Graded-s42/qa_eval/summary.json
G3-R2-RL-MRR-Graded,g3-r2,hotpotqa,7405,0.4658,0.5199,0.5706,0.373,0.3766,0.0938,0.1043,0.1121,0.0481,0.065,0.0766,0.1529,0.3242,0.4224,/mnt/tidal-alsh-share2/dataset/liuqi18/E2Rank/checkpoints/iclr2027-g3-r2/G3-R2-RL-MRR-Graded-s42/qa_eval/summary.json
G3-R2-RL-MRR-Graded,g3-r2,popqa,14267,0.7128,0.7682,0.811,0.6083,0.6113,,,,,,,,0.4166,0.4888,/mnt/tidal-alsh-share2/dataset/liuqi18/E2Rank/checkpoints/iclr2027-g3-r2/G3-R2-RL-MRR-Graded-s42/qa_eval/summary.json
G3-R2-RL-MRR-Graded,g3-r2,triviaqa,11313,0.7361,0.7845,0.8184,0.639,0.6414,,,,,,,,0.6026,0.6893,/mnt/tidal-alsh-share2/dataset/liuqi18/E2Rank/checkpoints/iclr2027-g3-r2/G3-R2-RL-MRR-Graded-s42/qa_eval/summary.json
G3-R2-RL-MRR-Graded,g3-r2,2wikimultihopqa,12576,0.39,0.4498,0.5119,0.2912,0.2955,0.2108,0.229,0.2429,0.0619,0.0896,0.114,0.3746,0.2812,0.3428,/mnt/tidal-alsh-share2/dataset/liuqi18/E2Rank/checkpoints/iclr2027-g3-r2/G3-R2-RL-MRR-Graded-s42/qa_eval/summary.json
G3-R2-RL-MRR-Graded,g3-r2,musique,2417,0.1899,0.2396,0.2938,0.1351,0.1389,0.0757,0.0838,0.0911,0.0074,0.0128,0.0182,0.2052,0.06,0.1308,/mnt/tidal-alsh-share2/dataset/liuqi18/E2Rank/checkpoints/iclr2027-g3-r2/G3-R2-RL-MRR-Graded-s42/qa_eval/summary.json
G3-R2-RL-MRR-Graded,g3-r2,bamboogle,125,0.168,0.264,0.36,0.113,0.1196,,,,,,,,0.176,0.2701,/mnt/tidal-alsh-share2/dataset/liuqi18/E2Rank/checkpoints/iclr2027-g3-r2/G3-R2-RL-MRR-Graded-s42/qa_eval/summary.json
G3-R2-RL-MRR-Graded,g3-r2,training_domain_avg,,0.5901,0.6539,0.702,0.4822,0.4856,,,,,,,,0.342,0.4436,/mnt/tidal-alsh-share2/dataset/liuqi18/E2Rank/checkpoints/iclr2027-g3-r2/G3-R2-RL-MRR-Graded-s42/qa_eval/summary.json
G3-R2-RL-MRR-Graded,g3-r2,held_out_avg,,0.4394,0.5012,0.559,0.3573,0.3613,,,,,,,,0.3073,0.3844,/mnt/tidal-alsh-share2/dataset/liuqi18/E2Rank/checkpoints/iclr2027-g3-r2/G3-R2-RL-MRR-Graded-s42/qa_eval/summary.json
G3-R2-RL-MRR-Graded,g3-r2,macro_avg,,0.4824,0.5448,0.5999,0.393,0.3968,,,,,,,,0.3172,0.4013,/mnt/tidal-alsh-share2/dataset/liuqi18/E2Rank/checkpoints/iclr2027-g3-r2/G3-R2-RL-MRR-Graded-s42/qa_eval/summary.json
G3-R2-RL-MixedNDCGF1-Anchor050,g3-r2,nq,3610,0.7083,0.7809,0.8327,0.5797,0.5834,,,,,,,,0.3612,0.4663,/mnt/tidal-alsh-share2/dataset/liuqi18/E2Rank/checkpoints/iclr2027-g3-r2/G3-R2-RL-MixedNDCGF1-Anchor050-s42/qa_eval/summary.json
G3-R2-RL-MixedNDCGF1-Anchor050,g3-r2,hotpotqa,7405,0.4987,0.5535,0.6088,0.397,0.4009,0.0968,0.1082,0.1173,0.0552,0.0721,0.0867,0.1529,0.3332,0.4345,/mnt/tidal-alsh-share2/dataset/liuqi18/E2Rank/checkpoints/iclr2027-g3-r2/G3-R2-RL-MixedNDCGF1-Anchor050-s42/qa_eval/summary.json
G3-R2-RL-MixedNDCGF1-Anchor050,g3-r2,popqa,14267,0.712,0.7662,0.8094,0.6057,0.6088,,,,,,,,0.417,0.4891,/mnt/tidal-alsh-share2/dataset/liuqi18/E2Rank/checkpoints/iclr2027-g3-r2/G3-R2-RL-MixedNDCGF1-Anchor050-s42/qa_eval/summary.json
G3-R2-RL-MixedNDCGF1-Anchor050,g3-r2,triviaqa,11313,0.7503,0.7956,0.8275,0.6535,0.6557,,,,,,,,0.61,0.6962,/mnt/tidal-alsh-share2/dataset/liuqi18/E2Rank/checkpoints/iclr2027-g3-r2/G3-R2-RL-MixedNDCGF1-Anchor050-s42/qa_eval/summary.json
G3-R2-RL-MixedNDCGF1-Anchor050,g3-r2,2wikimultihopqa,12576,0.3984,0.4626,0.5219,0.2949,0.299,0.2083,0.2286,0.244,0.0613,0.0913,0.1167,0.3746,0.2875,0.3487,/mnt/tidal-alsh-share2/dataset/liuqi18/E2Rank/checkpoints/iclr2027-g3-r2/G3-R2-RL-MixedNDCGF1-Anchor050-s42/qa_eval/summary.json
G3-R2-RL-MixedNDCGF1-Anchor050,g3-r2,musique,2417,0.2122,0.276,0.3401,0.1512,0.1557,0.0713,0.0788,0.0857,0.0083,0.0128,0.0186,0.2052,0.067,0.1463,/mnt/tidal-alsh-share2/dataset/liuqi18/E2Rank/checkpoints/iclr2027-g3-r2/G3-R2-RL-MixedNDCGF1-Anchor050-s42/qa_eval/summary.json
G3-R2-RL-MixedNDCGF1-Anchor050,g3-r2,bamboogle,125,0.2,0.296,0.4,0.1328,0.1393,,,,,,,,0.216,0.2909,/mnt/tidal-alsh-share2/dataset/liuqi18/E2Rank/checkpoints/iclr2027-g3-r2/G3-R2-RL-MixedNDCGF1-Anchor050-s42/qa_eval/summary.json
G3-R2-RL-MixedNDCGF1-Anchor050,g3-r2,training_domain_avg,,0.6035,0.6672,0.7207,0.4883,0.4921,,,,,,,,0.3472,0.4504,/mnt/tidal-alsh-share2/dataset/liuqi18/E2Rank/checkpoints/iclr2027-g3-r2/G3-R2-RL-MixedNDCGF1-Anchor050-s42/qa_eval/summary.json
G3-R2-RL-MixedNDCGF1-Anchor050,g3-r2,held_out_avg,,0.4546,0.5193,0.5798,0.3676,0.3717,,,,,,,,0.3195,0.3942,/mnt/tidal-alsh-share2/dataset/liuqi18/E2Rank/checkpoints/iclr2027-g3-r2/G3-R2-RL-MixedNDCGF1-Anchor050-s42/qa_eval/summary.json
G3-R2-RL-MixedNDCGF1-Anchor050,g3-r2,macro_avg,,0.4971,0.5615,0.6201,0.4021,0.4061,,,,,,,,0.3274,0.4103,/mnt/tidal-alsh-share2/dataset/liuqi18/E2Rank/checkpoints/iclr2027-g3-r2/G3-R2-RL-MixedNDCGF1-Anchor050-s42/qa_eval/summary.json
G3-R2-ShortRL-CP-Graded,g3-r2,nq,3610,0.7061,0.7698,0.8194,0.5777,0.5812,,,,,,,,0.3518,0.4576,/mnt/tidal-alsh-share2/dataset/liuqi18/E2Rank/checkpoints/iclr2027-g3-r2/G3-R2-ShortRL-CP-Graded-s42/qa_eval/summary.json
G3-R2-ShortRL-CP-Graded,g3-r2,hotpotqa,7405,0.5036,0.5666,0.617,0.3932,0.3968,0.1006,0.1132,0.1199,0.0636,0.0836,0.0939,0.1529,0.3233,0.4255,/mnt/tidal-alsh-share2/dataset/liuqi18/E2Rank/checkpoints/iclr2027-g3-r2/G3-R2-ShortRL-CP-Graded-s42/qa_eval/summary.json
G3-R2-ShortRL-CP-Graded,g3-r2,popqa,14267,0.6701,0.7301,0.7774,0.5661,0.5695,,,,,,,,0.4054,0.4731,/mnt/tidal-alsh-share2/dataset/liuqi18/E2Rank/checkpoints/iclr2027-g3-r2/G3-R2-ShortRL-CP-Graded-s42/qa_eval/summary.json
G3-R2-ShortRL-CP-Graded,g3-r2,triviaqa,11313,0.6886,0.7437,0.784,0.5876,0.5904,,,,,,,,0.565,0.6484,/mnt/tidal-alsh-share2/dataset/liuqi18/E2Rank/checkpoints/iclr2027-g3-r2/G3-R2-ShortRL-CP-Graded-s42/qa_eval/summary.json
G3-R2-ShortRL-CP-Graded,g3-r2,2wikimultihopqa,12576,0.385,0.4443,0.4957,0.2887,0.2923,0.2105,0.2279,0.2406,0.0684,0.0933,0.1128,0.3746,0.2758,0.338,/mnt/tidal-alsh-share2/dataset/liuqi18/E2Rank/checkpoints/iclr2027-g3-r2/G3-R2-ShortRL-CP-Graded-s42/qa_eval/summary.json
G3-R2-ShortRL-CP-Graded,g3-r2,musique,2417,0.1713,0.2164,0.2714,0.1213,0.1251,0.0692,0.0777,0.0844,0.0079,0.0132,0.0178,0.2052,0.0534,0.1269,/mnt/tidal-alsh-share2/dataset/liuqi18/E2Rank/checkpoints/iclr2027-g3-r2/G3-R2-ShortRL-CP-Graded-s42/qa_eval/summary.json
G3-R2-ShortRL-CP-Graded,g3-r2,bamboogle,125,0.192,0.232,0.296,0.114,0.1186,,,,,,,,0.16,0.2578,/mnt/tidal-alsh-share2/dataset/liuqi18/E2Rank/checkpoints/iclr2027-g3-r2/G3-R2-ShortRL-CP-Graded-s42/qa_eval/summary.json
G3-R2-ShortRL-CP-Graded,g3-r2,training_domain_avg,,0.6048,0.6682,0.7182,0.4854,0.489,,,,,,,,0.3375,0.4415,/mnt/tidal-alsh-share2/dataset/liuqi18/E2Rank/checkpoints/iclr2027-g3-r2/G3-R2-ShortRL-CP-Graded-s42/qa_eval/summary.json
G3-R2-ShortRL-CP-Graded,g3-r2,held_out_avg,,0.4214,0.4733,0.5249,0.3355,0.3392,,,,,,,,0.2919,0.3688,/mnt/tidal-alsh-share2/dataset/liuqi18/E2Rank/checkpoints/iclr2027-g3-r2/G3-R2-ShortRL-CP-Graded-s42/qa_eval/summary.json
G3-R2-ShortRL-CP-Graded,g3-r2,macro_avg,,0.4738,0.529,0.5801,0.3784,0.382,,,,,,,,0.305,0.3896,/mnt/tidal-alsh-share2/dataset/liuqi18/E2Rank/checkpoints/iclr2027-g3-r2/G3-R2-ShortRL-CP-Graded-s42/qa_eval/summary.json
