run,method,seed,query_set,task,subset,ndcg_at_10
G1-BGE-M3-E0-s42,G1-BGE-M3-E0,42,original,BrightRetrieval,biology,0.0947
G1-BGE-M3-E0-s42,G1-BGE-M3-E0,42,original,BrightRetrieval,earth_science,0.1535
G1-BGE-M3-E0-s42,G1-BGE-M3-E0,42,original,BrightRetrieval,economics,0.1188
G1-BGE-M3-E0-s42,G1-BGE-M3-E0,42,original,BrightRetrieval,psychology,0.1325
G1-BGE-M3-E0-s42,G1-BGE-M3-E0,42,original,BrightRetrieval,robotics,0.1214
G1-BGE-M3-E0-s42,G1-BGE-M3-E0,42,original,BrightRetrieval,stackoverflow,0.1063
G1-BGE-M3-E0-s42,G1-BGE-M3-E0,42,original,BrightRetrieval,sustainable_living,0.1017
G1-BGE-M3-E0-s42,G1-BGE-M3-E0,42,original,BrightRetrieval,pony,0.1519
G1-BGE-M3-E0-s42,G1-BGE-M3-E0,42,original,BrightRetrieval,leetcode,0.1584
G1-BGE-M3-E0-s42,G1-BGE-M3-E0,42,original,BrightRetrieval,aops,0.0126
G1-BGE-M3-E0-s42,G1-BGE-M3-E0,42,original,BrightRetrieval,theoremqa_theorems,0.0434
G1-BGE-M3-E0-s42,G1-BGE-M3-E0,42,original,BrightRetrieval,theoremqa_questions,0.0838
G1-BGE-M3-E0-s42,G1-BGE-M3-E0,42,gpt_reasoning,BrightRetrieval,biology,0.1406
G1-BGE-M3-E0-s42,G1-BGE-M3-E0,42,gpt_reasoning,BrightRetrieval,earth_science,0.2175
G1-BGE-M3-E0-s42,G1-BGE-M3-E0,42,gpt_reasoning,BrightRetrieval,economics,0.1940
G1-BGE-M3-E0-s42,G1-BGE-M3-E0,42,gpt_reasoning,BrightRetrieval,psychology,0.2656
G1-BGE-M3-E0-s42,G1-BGE-M3-E0,42,gpt_reasoning,BrightRetrieval,robotics,0.1630
G1-BGE-M3-E0-s42,G1-BGE-M3-E0,42,gpt_reasoning,BrightRetrieval,stackoverflow,0.1193
G1-BGE-M3-E0-s42,G1-BGE-M3-E0,42,gpt_reasoning,BrightRetrieval,sustainable_living,0.1533
G1-BGE-M3-E0-s42,G1-BGE-M3-E0,42,gpt_reasoning,BrightRetrieval,pony,0.1519
G1-BGE-M3-E0-s42,G1-BGE-M3-E0,42,gpt_reasoning,BrightRetrieval,leetcode,0.1584
G1-BGE-M3-E0-s42,G1-BGE-M3-E0,42,gpt_reasoning,BrightRetrieval,aops,0.0301
G1-BGE-M3-E0-s42,G1-BGE-M3-E0,42,gpt_reasoning,BrightRetrieval,theoremqa_theorems,0.8379
G1-BGE-M3-E0-s42,G1-BGE-M3-E0,42,gpt_reasoning,BrightRetrieval,theoremqa_questions,0.1375
G1-BGE-M3-INFONCE-Seed2026-s2026,G1-BGE-M3-INFONCE,2026,original,BrightRetrieval,biology,0.1830
G1-BGE-M3-INFONCE-Seed2026-s2026,G1-BGE-M3-INFONCE,2026,original,BrightRetrieval,earth_science,0.1739
G1-BGE-M3-INFONCE-Seed2026-s2026,G1-BGE-M3-INFONCE,2026,original,BrightRetrieval,economics,0.1497
G1-BGE-M3-INFONCE-Seed2026-s2026,G1-BGE-M3-INFONCE,2026,original,BrightRetrieval,psychology,0.2052
G1-BGE-M3-INFONCE-Seed2026-s2026,G1-BGE-M3-INFONCE,2026,original,BrightRetrieval,robotics,0.1508
G1-BGE-M3-INFONCE-Seed2026-s2026,G1-BGE-M3-INFONCE,2026,original,BrightRetrieval,stackoverflow,0.1403
G1-BGE-M3-INFONCE-Seed2026-s2026,G1-BGE-M3-INFONCE,2026,original,BrightRetrieval,sustainable_living,0.1681
G1-BGE-M3-INFONCE-Seed2026-s2026,G1-BGE-M3-INFONCE,2026,original,BrightRetrieval,pony,0.0825
G1-BGE-M3-INFONCE-Seed2026-s2026,G1-BGE-M3-INFONCE,2026,original,BrightRetrieval,leetcode,0.0996
G1-BGE-M3-INFONCE-Seed2026-s2026,G1-BGE-M3-INFONCE,2026,original,BrightRetrieval,aops,0.0218
G1-BGE-M3-INFONCE-Seed2026-s2026,G1-BGE-M3-INFONCE,2026,original,BrightRetrieval,theoremqa_theorems,0.0481
G1-BGE-M3-INFONCE-Seed2026-s2026,G1-BGE-M3-INFONCE,2026,original,BrightRetrieval,theoremqa_questions,0.1020
G1-BGE-M3-INFONCE-Seed2026-s2026,G1-BGE-M3-INFONCE,2026,gpt_reasoning,BrightRetrieval,biology,0.2606
G1-BGE-M3-INFONCE-Seed2026-s2026,G1-BGE-M3-INFONCE,2026,gpt_reasoning,BrightRetrieval,earth_science,0.2446
G1-BGE-M3-INFONCE-Seed2026-s2026,G1-BGE-M3-INFONCE,2026,gpt_reasoning,BrightRetrieval,economics,0.2559
G1-BGE-M3-INFONCE-Seed2026-s2026,G1-BGE-M3-INFONCE,2026,gpt_reasoning,BrightRetrieval,psychology,0.3473
G1-BGE-M3-INFONCE-Seed2026-s2026,G1-BGE-M3-INFONCE,2026,gpt_reasoning,BrightRetrieval,robotics,0.2001
G1-BGE-M3-INFONCE-Seed2026-s2026,G1-BGE-M3-INFONCE,2026,gpt_reasoning,BrightRetrieval,stackoverflow,0.1558
G1-BGE-M3-INFONCE-Seed2026-s2026,G1-BGE-M3-INFONCE,2026,gpt_reasoning,BrightRetrieval,sustainable_living,0.2286
G1-BGE-M3-INFONCE-Seed2026-s2026,G1-BGE-M3-INFONCE,2026,gpt_reasoning,BrightRetrieval,pony,0.0825
G1-BGE-M3-INFONCE-Seed2026-s2026,G1-BGE-M3-INFONCE,2026,gpt_reasoning,BrightRetrieval,leetcode,0.0996
G1-BGE-M3-INFONCE-Seed2026-s2026,G1-BGE-M3-INFONCE,2026,gpt_reasoning,BrightRetrieval,aops,0.0384
G1-BGE-M3-INFONCE-Seed2026-s2026,G1-BGE-M3-INFONCE,2026,gpt_reasoning,BrightRetrieval,theoremqa_theorems,0.6389
G1-BGE-M3-INFONCE-Seed2026-s2026,G1-BGE-M3-INFONCE,2026,gpt_reasoning,BrightRetrieval,theoremqa_questions,0.1667
G1-BGE-M3-INFONCE-Seed3407-s3407,G1-BGE-M3-INFONCE,3407,original,BrightRetrieval,biology,0.1745
G1-BGE-M3-INFONCE-Seed3407-s3407,G1-BGE-M3-INFONCE,3407,original,BrightRetrieval,earth_science,0.1655
G1-BGE-M3-INFONCE-Seed3407-s3407,G1-BGE-M3-INFONCE,3407,original,BrightRetrieval,economics,0.1432
G1-BGE-M3-INFONCE-Seed3407-s3407,G1-BGE-M3-INFONCE,3407,original,BrightRetrieval,psychology,0.2020
G1-BGE-M3-INFONCE-Seed3407-s3407,G1-BGE-M3-INFONCE,3407,original,BrightRetrieval,robotics,0.1495
G1-BGE-M3-INFONCE-Seed3407-s3407,G1-BGE-M3-INFONCE,3407,original,BrightRetrieval,stackoverflow,0.1420
G1-BGE-M3-INFONCE-Seed3407-s3407,G1-BGE-M3-INFONCE,3407,original,BrightRetrieval,sustainable_living,0.1678
G1-BGE-M3-INFONCE-Seed3407-s3407,G1-BGE-M3-INFONCE,3407,original,BrightRetrieval,pony,0.0843
G1-BGE-M3-INFONCE-Seed3407-s3407,G1-BGE-M3-INFONCE,3407,original,BrightRetrieval,leetcode,0.1006
G1-BGE-M3-INFONCE-Seed3407-s3407,G1-BGE-M3-INFONCE,3407,original,BrightRetrieval,aops,0.0228
G1-BGE-M3-INFONCE-Seed3407-s3407,G1-BGE-M3-INFONCE,3407,original,BrightRetrieval,theoremqa_theorems,0.0471
G1-BGE-M3-INFONCE-Seed3407-s3407,G1-BGE-M3-INFONCE,3407,original,BrightRetrieval,theoremqa_questions,0.1017
G1-BGE-M3-INFONCE-Seed3407-s3407,G1-BGE-M3-INFONCE,3407,gpt_reasoning,BrightRetrieval,biology,0.2465
G1-BGE-M3-INFONCE-Seed3407-s3407,G1-BGE-M3-INFONCE,3407,gpt_reasoning,BrightRetrieval,earth_science,0.2449
G1-BGE-M3-INFONCE-Seed3407-s3407,G1-BGE-M3-INFONCE,3407,gpt_reasoning,BrightRetrieval,economics,0.2458
G1-BGE-M3-INFONCE-Seed3407-s3407,G1-BGE-M3-INFONCE,3407,gpt_reasoning,BrightRetrieval,psychology,0.3385
G1-BGE-M3-INFONCE-Seed3407-s3407,G1-BGE-M3-INFONCE,3407,gpt_reasoning,BrightRetrieval,robotics,0.1926
G1-BGE-M3-INFONCE-Seed3407-s3407,G1-BGE-M3-INFONCE,3407,gpt_reasoning,BrightRetrieval,stackoverflow,0.1543
G1-BGE-M3-INFONCE-Seed3407-s3407,G1-BGE-M3-INFONCE,3407,gpt_reasoning,BrightRetrieval,sustainable_living,0.2153
G1-BGE-M3-INFONCE-Seed3407-s3407,G1-BGE-M3-INFONCE,3407,gpt_reasoning,BrightRetrieval,pony,0.0843
G1-BGE-M3-INFONCE-Seed3407-s3407,G1-BGE-M3-INFONCE,3407,gpt_reasoning,BrightRetrieval,leetcode,0.1006
G1-BGE-M3-INFONCE-Seed3407-s3407,G1-BGE-M3-INFONCE,3407,gpt_reasoning,BrightRetrieval,aops,0.0389
G1-BGE-M3-INFONCE-Seed3407-s3407,G1-BGE-M3-INFONCE,3407,gpt_reasoning,BrightRetrieval,theoremqa_theorems,0.6181
G1-BGE-M3-INFONCE-Seed3407-s3407,G1-BGE-M3-INFONCE,3407,gpt_reasoning,BrightRetrieval,theoremqa_questions,0.1637
G1-BGE-M3-INFONCE-s42,G1-BGE-M3-INFONCE,42,original,BrightRetrieval,biology,0.1813
G1-BGE-M3-INFONCE-s42,G1-BGE-M3-INFONCE,42,original,BrightRetrieval,earth_science,0.1700
G1-BGE-M3-INFONCE-s42,G1-BGE-M3-INFONCE,42,original,BrightRetrieval,economics,0.1471
G1-BGE-M3-INFONCE-s42,G1-BGE-M3-INFONCE,42,original,BrightRetrieval,psychology,0.1982
G1-BGE-M3-INFONCE-s42,G1-BGE-M3-INFONCE,42,original,BrightRetrieval,robotics,0.1554
G1-BGE-M3-INFONCE-s42,G1-BGE-M3-INFONCE,42,original,BrightRetrieval,stackoverflow,0.1458
G1-BGE-M3-INFONCE-s42,G1-BGE-M3-INFONCE,42,original,BrightRetrieval,sustainable_living,0.1653
G1-BGE-M3-INFONCE-s42,G1-BGE-M3-INFONCE,42,original,BrightRetrieval,pony,0.0876
G1-BGE-M3-INFONCE-s42,G1-BGE-M3-INFONCE,42,original,BrightRetrieval,leetcode,0.1006
G1-BGE-M3-INFONCE-s42,G1-BGE-M3-INFONCE,42,original,BrightRetrieval,aops,0.0223
G1-BGE-M3-INFONCE-s42,G1-BGE-M3-INFONCE,42,original,BrightRetrieval,theoremqa_theorems,0.0472
G1-BGE-M3-INFONCE-s42,G1-BGE-M3-INFONCE,42,original,BrightRetrieval,theoremqa_questions,0.1000
G1-BGE-M3-INFONCE-s42,G1-BGE-M3-INFONCE,42,gpt_reasoning,BrightRetrieval,biology,0.2531
G1-BGE-M3-INFONCE-s42,G1-BGE-M3-INFONCE,42,gpt_reasoning,BrightRetrieval,earth_science,0.2430
G1-BGE-M3-INFONCE-s42,G1-BGE-M3-INFONCE,42,gpt_reasoning,BrightRetrieval,economics,0.2610
G1-BGE-M3-INFONCE-s42,G1-BGE-M3-INFONCE,42,gpt_reasoning,BrightRetrieval,psychology,0.3375
G1-BGE-M3-INFONCE-s42,G1-BGE-M3-INFONCE,42,gpt_reasoning,BrightRetrieval,robotics,0.1978
G1-BGE-M3-INFONCE-s42,G1-BGE-M3-INFONCE,42,gpt_reasoning,BrightRetrieval,stackoverflow,0.1593
G1-BGE-M3-INFONCE-s42,G1-BGE-M3-INFONCE,42,gpt_reasoning,BrightRetrieval,sustainable_living,0.2175
G1-BGE-M3-INFONCE-s42,G1-BGE-M3-INFONCE,42,gpt_reasoning,BrightRetrieval,pony,0.0876
G1-BGE-M3-INFONCE-s42,G1-BGE-M3-INFONCE,42,gpt_reasoning,BrightRetrieval,leetcode,0.1006
G1-BGE-M3-INFONCE-s42,G1-BGE-M3-INFONCE,42,gpt_reasoning,BrightRetrieval,aops,0.0388
G1-BGE-M3-INFONCE-s42,G1-BGE-M3-INFONCE,42,gpt_reasoning,BrightRetrieval,theoremqa_theorems,0.6115
G1-BGE-M3-INFONCE-s42,G1-BGE-M3-INFONCE,42,gpt_reasoning,BrightRetrieval,theoremqa_questions,0.1673
G1-BGE-M3-LAMBDALOSS-Seed2026-s2026,G1-BGE-M3-LAMBDALOSS,2026,original,BrightRetrieval,biology,0.1739
G1-BGE-M3-LAMBDALOSS-Seed2026-s2026,G1-BGE-M3-LAMBDALOSS,2026,original,BrightRetrieval,earth_science,0.1445
G1-BGE-M3-LAMBDALOSS-Seed2026-s2026,G1-BGE-M3-LAMBDALOSS,2026,original,BrightRetrieval,economics,0.1256
G1-BGE-M3-LAMBDALOSS-Seed2026-s2026,G1-BGE-M3-LAMBDALOSS,2026,original,BrightRetrieval,psychology,0.1668
G1-BGE-M3-LAMBDALOSS-Seed2026-s2026,G1-BGE-M3-LAMBDALOSS,2026,original,BrightRetrieval,robotics,0.1293
G1-BGE-M3-LAMBDALOSS-Seed2026-s2026,G1-BGE-M3-LAMBDALOSS,2026,original,BrightRetrieval,stackoverflow,0.1357
G1-BGE-M3-LAMBDALOSS-Seed2026-s2026,G1-BGE-M3-LAMBDALOSS,2026,original,BrightRetrieval,sustainable_living,0.1694
G1-BGE-M3-LAMBDALOSS-Seed2026-s2026,G1-BGE-M3-LAMBDALOSS,2026,original,BrightRetrieval,pony,0.0366
G1-BGE-M3-LAMBDALOSS-Seed2026-s2026,G1-BGE-M3-LAMBDALOSS,2026,original,BrightRetrieval,leetcode,0.1500
G1-BGE-M3-LAMBDALOSS-Seed2026-s2026,G1-BGE-M3-LAMBDALOSS,2026,original,BrightRetrieval,aops,0.0252
G1-BGE-M3-LAMBDALOSS-Seed2026-s2026,G1-BGE-M3-LAMBDALOSS,2026,original,BrightRetrieval,theoremqa_theorems,0.0425
G1-BGE-M3-LAMBDALOSS-Seed2026-s2026,G1-BGE-M3-LAMBDALOSS,2026,original,BrightRetrieval,theoremqa_questions,0.0791
G1-BGE-M3-LAMBDALOSS-Seed2026-s2026,G1-BGE-M3-LAMBDALOSS,2026,gpt_reasoning,BrightRetrieval,biology,0.2472
G1-BGE-M3-LAMBDALOSS-Seed2026-s2026,G1-BGE-M3-LAMBDALOSS,2026,gpt_reasoning,BrightRetrieval,earth_science,0.2021
G1-BGE-M3-LAMBDALOSS-Seed2026-s2026,G1-BGE-M3-LAMBDALOSS,2026,gpt_reasoning,BrightRetrieval,economics,0.2305
G1-BGE-M3-LAMBDALOSS-Seed2026-s2026,G1-BGE-M3-LAMBDALOSS,2026,gpt_reasoning,BrightRetrieval,psychology,0.2942
G1-BGE-M3-LAMBDALOSS-Seed2026-s2026,G1-BGE-M3-LAMBDALOSS,2026,gpt_reasoning,BrightRetrieval,robotics,0.1597
G1-BGE-M3-LAMBDALOSS-Seed2026-s2026,G1-BGE-M3-LAMBDALOSS,2026,gpt_reasoning,BrightRetrieval,stackoverflow,0.1658
G1-BGE-M3-LAMBDALOSS-Seed2026-s2026,G1-BGE-M3-LAMBDALOSS,2026,gpt_reasoning,BrightRetrieval,sustainable_living,0.2142
G1-BGE-M3-LAMBDALOSS-Seed2026-s2026,G1-BGE-M3-LAMBDALOSS,2026,gpt_reasoning,BrightRetrieval,pony,0.0366
G1-BGE-M3-LAMBDALOSS-Seed2026-s2026,G1-BGE-M3-LAMBDALOSS,2026,gpt_reasoning,BrightRetrieval,leetcode,0.1500
G1-BGE-M3-LAMBDALOSS-Seed2026-s2026,G1-BGE-M3-LAMBDALOSS,2026,gpt_reasoning,BrightRetrieval,aops,0.0479
G1-BGE-M3-LAMBDALOSS-Seed2026-s2026,G1-BGE-M3-LAMBDALOSS,2026,gpt_reasoning,BrightRetrieval,theoremqa_theorems,0.4254
G1-BGE-M3-LAMBDALOSS-Seed2026-s2026,G1-BGE-M3-LAMBDALOSS,2026,gpt_reasoning,BrightRetrieval,theoremqa_questions,0.1031
G1-BGE-M3-LAMBDALOSS-Seed3407-s3407,G1-BGE-M3-LAMBDALOSS,3407,original,BrightRetrieval,biology,0.1746
G1-BGE-M3-LAMBDALOSS-Seed3407-s3407,G1-BGE-M3-LAMBDALOSS,3407,original,BrightRetrieval,earth_science,0.1404
G1-BGE-M3-LAMBDALOSS-Seed3407-s3407,G1-BGE-M3-LAMBDALOSS,3407,original,BrightRetrieval,economics,0.1227
G1-BGE-M3-LAMBDALOSS-Seed3407-s3407,G1-BGE-M3-LAMBDALOSS,3407,original,BrightRetrieval,psychology,0.1571
G1-BGE-M3-LAMBDALOSS-Seed3407-s3407,G1-BGE-M3-LAMBDALOSS,3407,original,BrightRetrieval,robotics,0.1291
G1-BGE-M3-LAMBDALOSS-Seed3407-s3407,G1-BGE-M3-LAMBDALOSS,3407,original,BrightRetrieval,stackoverflow,0.1383
G1-BGE-M3-LAMBDALOSS-Seed3407-s3407,G1-BGE-M3-LAMBDALOSS,3407,original,BrightRetrieval,sustainable_living,0.1638
G1-BGE-M3-LAMBDALOSS-Seed3407-s3407,G1-BGE-M3-LAMBDALOSS,3407,original,BrightRetrieval,pony,0.0325
G1-BGE-M3-LAMBDALOSS-Seed3407-s3407,G1-BGE-M3-LAMBDALOSS,3407,original,BrightRetrieval,leetcode,0.1506
G1-BGE-M3-LAMBDALOSS-Seed3407-s3407,G1-BGE-M3-LAMBDALOSS,3407,original,BrightRetrieval,aops,0.0276
G1-BGE-M3-LAMBDALOSS-Seed3407-s3407,G1-BGE-M3-LAMBDALOSS,3407,original,BrightRetrieval,theoremqa_theorems,0.0386
G1-BGE-M3-LAMBDALOSS-Seed3407-s3407,G1-BGE-M3-LAMBDALOSS,3407,original,BrightRetrieval,theoremqa_questions,0.0838
G1-BGE-M3-LAMBDALOSS-Seed3407-s3407,G1-BGE-M3-LAMBDALOSS,3407,gpt_reasoning,BrightRetrieval,biology,0.2414
G1-BGE-M3-LAMBDALOSS-Seed3407-s3407,G1-BGE-M3-LAMBDALOSS,3407,gpt_reasoning,BrightRetrieval,earth_science,0.2026
G1-BGE-M3-LAMBDALOSS-Seed3407-s3407,G1-BGE-M3-LAMBDALOSS,3407,gpt_reasoning,BrightRetrieval,economics,0.2182
G1-BGE-M3-LAMBDALOSS-Seed3407-s3407,G1-BGE-M3-LAMBDALOSS,3407,gpt_reasoning,BrightRetrieval,psychology,0.2905
G1-BGE-M3-LAMBDALOSS-Seed3407-s3407,G1-BGE-M3-LAMBDALOSS,3407,gpt_reasoning,BrightRetrieval,robotics,0.1580
G1-BGE-M3-LAMBDALOSS-Seed3407-s3407,G1-BGE-M3-LAMBDALOSS,3407,gpt_reasoning,BrightRetrieval,stackoverflow,0.1617
G1-BGE-M3-LAMBDALOSS-Seed3407-s3407,G1-BGE-M3-LAMBDALOSS,3407,gpt_reasoning,BrightRetrieval,sustainable_living,0.2072
G1-BGE-M3-LAMBDALOSS-Seed3407-s3407,G1-BGE-M3-LAMBDALOSS,3407,gpt_reasoning,BrightRetrieval,pony,0.0325
G1-BGE-M3-LAMBDALOSS-Seed3407-s3407,G1-BGE-M3-LAMBDALOSS,3407,gpt_reasoning,BrightRetrieval,leetcode,0.1506
G1-BGE-M3-LAMBDALOSS-Seed3407-s3407,G1-BGE-M3-LAMBDALOSS,3407,gpt_reasoning,BrightRetrieval,aops,0.0461
G1-BGE-M3-LAMBDALOSS-Seed3407-s3407,G1-BGE-M3-LAMBDALOSS,3407,gpt_reasoning,BrightRetrieval,theoremqa_theorems,0.4214
G1-BGE-M3-LAMBDALOSS-Seed3407-s3407,G1-BGE-M3-LAMBDALOSS,3407,gpt_reasoning,BrightRetrieval,theoremqa_questions,0.1015
G1-BGE-M3-LAMBDALOSS-s42,G1-BGE-M3-LAMBDALOSS,42,original,BrightRetrieval,biology,0.1668
G1-BGE-M3-LAMBDALOSS-s42,G1-BGE-M3-LAMBDALOSS,42,original,BrightRetrieval,earth_science,0.1376
G1-BGE-M3-LAMBDALOSS-s42,G1-BGE-M3-LAMBDALOSS,42,original,BrightRetrieval,economics,0.1242
G1-BGE-M3-LAMBDALOSS-s42,G1-BGE-M3-LAMBDALOSS,42,original,BrightRetrieval,psychology,0.1627
G1-BGE-M3-LAMBDALOSS-s42,G1-BGE-M3-LAMBDALOSS,42,original,BrightRetrieval,robotics,0.1265
G1-BGE-M3-LAMBDALOSS-s42,G1-BGE-M3-LAMBDALOSS,42,original,BrightRetrieval,stackoverflow,0.1448
G1-BGE-M3-LAMBDALOSS-s42,G1-BGE-M3-LAMBDALOSS,42,original,BrightRetrieval,sustainable_living,0.1644
G1-BGE-M3-LAMBDALOSS-s42,G1-BGE-M3-LAMBDALOSS,42,original,BrightRetrieval,pony,0.0344
G1-BGE-M3-LAMBDALOSS-s42,G1-BGE-M3-LAMBDALOSS,42,original,BrightRetrieval,leetcode,0.1508
G1-BGE-M3-LAMBDALOSS-s42,G1-BGE-M3-LAMBDALOSS,42,original,BrightRetrieval,aops,0.0276
G1-BGE-M3-LAMBDALOSS-s42,G1-BGE-M3-LAMBDALOSS,42,original,BrightRetrieval,theoremqa_theorems,0.0440
G1-BGE-M3-LAMBDALOSS-s42,G1-BGE-M3-LAMBDALOSS,42,original,BrightRetrieval,theoremqa_questions,0.0823
G1-BGE-M3-LAMBDALOSS-s42,G1-BGE-M3-LAMBDALOSS,42,gpt_reasoning,BrightRetrieval,biology,0.2381
G1-BGE-M3-LAMBDALOSS-s42,G1-BGE-M3-LAMBDALOSS,42,gpt_reasoning,BrightRetrieval,earth_science,0.2033
G1-BGE-M3-LAMBDALOSS-s42,G1-BGE-M3-LAMBDALOSS,42,gpt_reasoning,BrightRetrieval,economics,0.2221
G1-BGE-M3-LAMBDALOSS-s42,G1-BGE-M3-LAMBDALOSS,42,gpt_reasoning,BrightRetrieval,psychology,0.2948
G1-BGE-M3-LAMBDALOSS-s42,G1-BGE-M3-LAMBDALOSS,42,gpt_reasoning,BrightRetrieval,robotics,0.1575
G1-BGE-M3-LAMBDALOSS-s42,G1-BGE-M3-LAMBDALOSS,42,gpt_reasoning,BrightRetrieval,stackoverflow,0.1600
G1-BGE-M3-LAMBDALOSS-s42,G1-BGE-M3-LAMBDALOSS,42,gpt_reasoning,BrightRetrieval,sustainable_living,0.2076
G1-BGE-M3-LAMBDALOSS-s42,G1-BGE-M3-LAMBDALOSS,42,gpt_reasoning,BrightRetrieval,pony,0.0344
G1-BGE-M3-LAMBDALOSS-s42,G1-BGE-M3-LAMBDALOSS,42,gpt_reasoning,BrightRetrieval,leetcode,0.1508
G1-BGE-M3-LAMBDALOSS-s42,G1-BGE-M3-LAMBDALOSS,42,gpt_reasoning,BrightRetrieval,aops,0.0515
G1-BGE-M3-LAMBDALOSS-s42,G1-BGE-M3-LAMBDALOSS,42,gpt_reasoning,BrightRetrieval,theoremqa_theorems,0.4093
G1-BGE-M3-LAMBDALOSS-s42,G1-BGE-M3-LAMBDALOSS,42,gpt_reasoning,BrightRetrieval,theoremqa_questions,0.1075
G1-BGE-M3-RELER-Seed2026-s2026,G1-BGE-M3-RELER,2026,original,BrightRetrieval,biology,0.2290
G1-BGE-M3-RELER-Seed2026-s2026,G1-BGE-M3-RELER,2026,original,BrightRetrieval,earth_science,0.2622
G1-BGE-M3-RELER-Seed2026-s2026,G1-BGE-M3-RELER,2026,original,BrightRetrieval,economics,0.1947
G1-BGE-M3-RELER-Seed2026-s2026,G1-BGE-M3-RELER,2026,original,BrightRetrieval,psychology,0.2531
G1-BGE-M3-RELER-Seed2026-s2026,G1-BGE-M3-RELER,2026,original,BrightRetrieval,robotics,0.1689
G1-BGE-M3-RELER-Seed2026-s2026,G1-BGE-M3-RELER,2026,original,BrightRetrieval,stackoverflow,0.1689
G1-BGE-M3-RELER-Seed2026-s2026,G1-BGE-M3-RELER,2026,original,BrightRetrieval,sustainable_living,0.1891
G1-BGE-M3-RELER-Seed2026-s2026,G1-BGE-M3-RELER,2026,original,BrightRetrieval,pony,0.0582
G1-BGE-M3-RELER-Seed2026-s2026,G1-BGE-M3-RELER,2026,original,BrightRetrieval,leetcode,0.0456
G1-BGE-M3-RELER-Seed2026-s2026,G1-BGE-M3-RELER,2026,original,BrightRetrieval,aops,0.0192
G1-BGE-M3-RELER-Seed2026-s2026,G1-BGE-M3-RELER,2026,original,BrightRetrieval,theoremqa_theorems,0.0531
G1-BGE-M3-RELER-Seed2026-s2026,G1-BGE-M3-RELER,2026,original,BrightRetrieval,theoremqa_questions,0.1029
G1-BGE-M3-RELER-Seed2026-s2026,G1-BGE-M3-RELER,2026,gpt_reasoning,BrightRetrieval,biology,0.3193
G1-BGE-M3-RELER-Seed2026-s2026,G1-BGE-M3-RELER,2026,gpt_reasoning,BrightRetrieval,earth_science,0.3619
G1-BGE-M3-RELER-Seed2026-s2026,G1-BGE-M3-RELER,2026,gpt_reasoning,BrightRetrieval,economics,0.2974
G1-BGE-M3-RELER-Seed2026-s2026,G1-BGE-M3-RELER,2026,gpt_reasoning,BrightRetrieval,psychology,0.4399
G1-BGE-M3-RELER-Seed2026-s2026,G1-BGE-M3-RELER,2026,gpt_reasoning,BrightRetrieval,robotics,0.2217
G1-BGE-M3-RELER-Seed2026-s2026,G1-BGE-M3-RELER,2026,gpt_reasoning,BrightRetrieval,stackoverflow,0.1847
G1-BGE-M3-RELER-Seed2026-s2026,G1-BGE-M3-RELER,2026,gpt_reasoning,BrightRetrieval,sustainable_living,0.2677
G1-BGE-M3-RELER-Seed2026-s2026,G1-BGE-M3-RELER,2026,gpt_reasoning,BrightRetrieval,pony,0.0582
G1-BGE-M3-RELER-Seed2026-s2026,G1-BGE-M3-RELER,2026,gpt_reasoning,BrightRetrieval,leetcode,0.0456
G1-BGE-M3-RELER-Seed2026-s2026,G1-BGE-M3-RELER,2026,gpt_reasoning,BrightRetrieval,aops,0.0322
G1-BGE-M3-RELER-Seed2026-s2026,G1-BGE-M3-RELER,2026,gpt_reasoning,BrightRetrieval,theoremqa_theorems,0.7416
G1-BGE-M3-RELER-Seed2026-s2026,G1-BGE-M3-RELER,2026,gpt_reasoning,BrightRetrieval,theoremqa_questions,0.1633
G1-BGE-M3-RELER-Seed3407-s3407,G1-BGE-M3-RELER,3407,original,BrightRetrieval,biology,0.2250
G1-BGE-M3-RELER-Seed3407-s3407,G1-BGE-M3-RELER,3407,original,BrightRetrieval,earth_science,0.2524
G1-BGE-M3-RELER-Seed3407-s3407,G1-BGE-M3-RELER,3407,original,BrightRetrieval,economics,0.1903
G1-BGE-M3-RELER-Seed3407-s3407,G1-BGE-M3-RELER,3407,original,BrightRetrieval,psychology,0.2455
G1-BGE-M3-RELER-Seed3407-s3407,G1-BGE-M3-RELER,3407,original,BrightRetrieval,robotics,0.1761
G1-BGE-M3-RELER-Seed3407-s3407,G1-BGE-M3-RELER,3407,original,BrightRetrieval,stackoverflow,0.1709
G1-BGE-M3-RELER-Seed3407-s3407,G1-BGE-M3-RELER,3407,original,BrightRetrieval,sustainable_living,0.1780
G1-BGE-M3-RELER-Seed3407-s3407,G1-BGE-M3-RELER,3407,original,BrightRetrieval,pony,0.0727
G1-BGE-M3-RELER-Seed3407-s3407,G1-BGE-M3-RELER,3407,original,BrightRetrieval,leetcode,0.0544
G1-BGE-M3-RELER-Seed3407-s3407,G1-BGE-M3-RELER,3407,original,BrightRetrieval,aops,0.0156
G1-BGE-M3-RELER-Seed3407-s3407,G1-BGE-M3-RELER,3407,original,BrightRetrieval,theoremqa_theorems,0.0535
G1-BGE-M3-RELER-Seed3407-s3407,G1-BGE-M3-RELER,3407,original,BrightRetrieval,theoremqa_questions,0.1012
G1-BGE-M3-RELER-Seed3407-s3407,G1-BGE-M3-RELER,3407,gpt_reasoning,BrightRetrieval,biology,0.3130
G1-BGE-M3-RELER-Seed3407-s3407,G1-BGE-M3-RELER,3407,gpt_reasoning,BrightRetrieval,earth_science,0.3624
G1-BGE-M3-RELER-Seed3407-s3407,G1-BGE-M3-RELER,3407,gpt_reasoning,BrightRetrieval,economics,0.2831
G1-BGE-M3-RELER-Seed3407-s3407,G1-BGE-M3-RELER,3407,gpt_reasoning,BrightRetrieval,psychology,0.4214
G1-BGE-M3-RELER-Seed3407-s3407,G1-BGE-M3-RELER,3407,gpt_reasoning,BrightRetrieval,robotics,0.2146
G1-BGE-M3-RELER-Seed3407-s3407,G1-BGE-M3-RELER,3407,gpt_reasoning,BrightRetrieval,stackoverflow,0.1901
G1-BGE-M3-RELER-Seed3407-s3407,G1-BGE-M3-RELER,3407,gpt_reasoning,BrightRetrieval,sustainable_living,0.2586
G1-BGE-M3-RELER-Seed3407-s3407,G1-BGE-M3-RELER,3407,gpt_reasoning,BrightRetrieval,pony,0.0727
G1-BGE-M3-RELER-Seed3407-s3407,G1-BGE-M3-RELER,3407,gpt_reasoning,BrightRetrieval,leetcode,0.0544
G1-BGE-M3-RELER-Seed3407-s3407,G1-BGE-M3-RELER,3407,gpt_reasoning,BrightRetrieval,aops,0.0318
G1-BGE-M3-RELER-Seed3407-s3407,G1-BGE-M3-RELER,3407,gpt_reasoning,BrightRetrieval,theoremqa_theorems,0.7573
G1-BGE-M3-RELER-Seed3407-s3407,G1-BGE-M3-RELER,3407,gpt_reasoning,BrightRetrieval,theoremqa_questions,0.1711
G1-BGE-M3-RELER-s42,G1-BGE-M3-RELER,42,original,BrightRetrieval,biology,0.2326
G1-BGE-M3-RELER-s42,G1-BGE-M3-RELER,42,original,BrightRetrieval,earth_science,0.2582
G1-BGE-M3-RELER-s42,G1-BGE-M3-RELER,42,original,BrightRetrieval,economics,0.1979
G1-BGE-M3-RELER-s42,G1-BGE-M3-RELER,42,original,BrightRetrieval,psychology,0.2412
G1-BGE-M3-RELER-s42,G1-BGE-M3-RELER,42,original,BrightRetrieval,robotics,0.1636
G1-BGE-M3-RELER-s42,G1-BGE-M3-RELER,42,original,BrightRetrieval,stackoverflow,0.1704
G1-BGE-M3-RELER-s42,G1-BGE-M3-RELER,42,original,BrightRetrieval,sustainable_living,0.1855
G1-BGE-M3-RELER-s42,G1-BGE-M3-RELER,42,original,BrightRetrieval,pony,0.0679
G1-BGE-M3-RELER-s42,G1-BGE-M3-RELER,42,original,BrightRetrieval,leetcode,0.0468
G1-BGE-M3-RELER-s42,G1-BGE-M3-RELER,42,original,BrightRetrieval,aops,0.0166
G1-BGE-M3-RELER-s42,G1-BGE-M3-RELER,42,original,BrightRetrieval,theoremqa_theorems,0.0544
G1-BGE-M3-RELER-s42,G1-BGE-M3-RELER,42,original,BrightRetrieval,theoremqa_questions,0.1025
G1-BGE-M3-RELER-s42,G1-BGE-M3-RELER,42,gpt_reasoning,BrightRetrieval,biology,0.3126
G1-BGE-M3-RELER-s42,G1-BGE-M3-RELER,42,gpt_reasoning,BrightRetrieval,earth_science,0.3597
G1-BGE-M3-RELER-s42,G1-BGE-M3-RELER,42,gpt_reasoning,BrightRetrieval,economics,0.2903
G1-BGE-M3-RELER-s42,G1-BGE-M3-RELER,42,gpt_reasoning,BrightRetrieval,psychology,0.4235
G1-BGE-M3-RELER-s42,G1-BGE-M3-RELER,42,gpt_reasoning,BrightRetrieval,robotics,0.2217
G1-BGE-M3-RELER-s42,G1-BGE-M3-RELER,42,gpt_reasoning,BrightRetrieval,stackoverflow,0.1913
G1-BGE-M3-RELER-s42,G1-BGE-M3-RELER,42,gpt_reasoning,BrightRetrieval,sustainable_living,0.2640
G1-BGE-M3-RELER-s42,G1-BGE-M3-RELER,42,gpt_reasoning,BrightRetrieval,pony,0.0679
G1-BGE-M3-RELER-s42,G1-BGE-M3-RELER,42,gpt_reasoning,BrightRetrieval,leetcode,0.0468
G1-BGE-M3-RELER-s42,G1-BGE-M3-RELER,42,gpt_reasoning,BrightRetrieval,aops,0.0311
G1-BGE-M3-RELER-s42,G1-BGE-M3-RELER,42,gpt_reasoning,BrightRetrieval,theoremqa_theorems,0.7469
G1-BGE-M3-RELER-s42,G1-BGE-M3-RELER,42,gpt_reasoning,BrightRetrieval,theoremqa_questions,0.1654
