recipe,seed,run,wandb_graded_reward_key,binary_weight,pairwise_coef,expected_optimizer_steps
RELER,42,G1-R2-RL-GradedNDCG64-CP-Align070-ShortlistUniform-K7-T1-Pairwise050-s42,train/reward/mean,0,0.50,113
RELER,3407,G1-R2-RL-GradedNDCG64-CP-Align070-ShortlistUniform-K7-T1-Pairwise050-Seed3407-s3407,train/reward/mean,0,0.50,113
RELER,2026,G1-R2-RL-GradedNDCG64-CP-Align070-ShortlistUniform-K7-T1-Pairwise050-Seed2026-s2026,train/reward/mean,0,0.50,113
Listwise,42,G1-R2-RL-GradedNDCG64-CP-Align070-ShortlistUniform-K7-T1-s42,train/reward/mean,0,0,113
Listwise,3407,G1-R2-RL-GradedNDCG64-CP-Align070-ShortlistUniform-K7-T1-Seed3407-s3407,train/reward/mean,0,0,113
Listwise,2026,G1-R2-RL-GradedNDCG64-CP-Align070-ShortlistUniform-K7-T1-Seed2026-s2026,train/reward/mean,0,0,113
BinaryMix,42,G1-R2-RL-GradedNDCG64-CP-Align070-ShortlistUniform-K7-T1-Binary025-s42,train/reward/ndcg_in_batch/mean,0.25,0,113
BinaryMix,3407,G1-R2-RL-GradedNDCG64-CP-Align070-ShortlistUniform-K7-T1-Binary025-Seed3407-s3407,train/reward/ndcg_in_batch/mean,0.25,0,113
BinaryMix,2026,G1-R2-RL-GradedNDCG64-CP-Align070-ShortlistUniform-K7-T1-Binary025-Seed2026-s2026,train/reward/ndcg_in_batch/mean,0.25,0,113
